,Time,Subject,Behavior,Modifier.1,Hammer,Anvil,Complete,Nut_Crack,Nut_Number,Event
1,657.385,EXAMPLE,grasp,2HAMMER,34,32,N,Y,5,grasp 2HAMMER
2,660.877,EXAMPLE,grasp,1NUT,34,32,N,Y,5,grasp 1NUT
3,661.377,EXAMPLE,place,1NUT,34,32,N,Y,5,place 1NUT
4,664.627,EXAMPLE,grasp,1NUT,34,32,N,Y,5,grasp 1NUT
5,665.124,EXAMPLE,place,1NUT,34,32,N,Y,5,place 1NUT
6,665.873,EXAMPLE,strikeonehand,2HAMMER,34,32,N,Y,5,strikeonehand 2HAMMER
7,667.38,EXAMPLE,grasp,1NUT,34,32,N,Y,5,grasp 1NUT
8,670.376,EXAMPLE,reorient,3ANVIL,34,32,N,Y,5,reorient 3ANVIL
9,671.376,EXAMPLE,place,1NUT,34,32,N,Y,5,place 1NUT
10,675.873,EXAMPLE,reorient,3ANVIL,34,32,N,Y,5,reorient 3ANVIL
11,681.133,EXAMPLE,grasp,3ANVIL,34,32,N,Y,5,grasp 3ANVIL
12,681.382,EXAMPLE,relocate,,34,32,N,Y,5,relocate 
13,684.377,EXAMPLE,drop,2HAMMER,32,NA,N,Y,5,drop 2HAMMER
14,687.674,EXAMPLE,place,1NUT,32,NA,N,Y,5,place 1NUT
15,688.173,EXAMPLE,strikeonehand,2HAMMER,32,NA,N,Y,5,strikeonehand 2HAMMER
16,688.924,EXAMPLE,strikeonehand,2HAMMER,32,NA,N,Y,5,strikeonehand 2HAMMER
17,690.424,EXAMPLE,grasp,4KERNEL,32,NA,N,Y,5,grasp 4KERNEL
18,698.177,EXAMPLE,eat,4KERNEL,32,NA,N,Y,5,eat 4KERNEL
19,699.425,EXAMPLE,grasp,1NUT,32,NA,N,Y,5,grasp 1NUT
20,700.175,EXAMPLE,place,1NUT,32,NA,N,Y,5,place 1NUT
21,701.171,EXAMPLE,strikeonehand,2HAMMER,32,NA,N,Y,5,strikeonehand 2HAMMER
22,702.922,EXAMPLE,grasp,4KERNEL,32,NA,N,Y,5,grasp 4KERNEL
23,706.178,EXAMPLE,eat,4KERNEL,32,NA,N,Y,5,eat 4KERNEL
24,706.674,EXAMPLE,drop,5SHELL,32,NA,N,Y,5,drop 5SHELL
25,706.926,EXAMPLE,grasp,1NUT,32,NA,N,Y,5,grasp 1NUT
26,708.921,EXAMPLE,place,1NUT,32,NA,N,Y,5,place 1NUT
27,709.172,EXAMPLE,strikeonehand,2HAMMER,32,NA,N,Y,5,strikeonehand 2HAMMER
28,709.923,EXAMPLE,strikeonehand,2HAMMER,32,NA,N,Y,5,strikeonehand 2HAMMER
29,710.675,EXAMPLE,grasp,4KERNEL,32,NA,N,Y,5,grasp 4KERNEL
30,712.171,EXAMPLE,drop,4KERNEL,32,NA,N,Y,5,drop 4KERNEL
31,712.424,EXAMPLE,grasp,4KERNEL,32,NA,N,Y,5,grasp 4KERNEL
32,714.924,EXAMPLE,drop,4KERNEL,32,NA,N,Y,5,drop 4KERNEL
33,715.17,EXAMPLE,grasp,4KERNEL,32,NA,N,Y,5,grasp 4KERNEL
34,716.675,EXAMPLE,eat,4KERNEL,32,NA,N,Y,5,eat 4KERNEL
35,730.675,EXAMPLE,eat,4KERNEL,32,NA,N,Y,5,eat 4KERNEL
36,737.674,EXAMPLE,grasp,1NUT,32,NA,N,Y,5,grasp 1NUT
37,739.425,EXAMPLE,place,1NUT,32,NA,N,Y,5,place 1NUT
38,739.927,EXAMPLE,strikeonehand,2HAMMER,32,NA,N,Y,5,strikeonehand 2HAMMER
39,740.677,EXAMPLE,strikeonehand,2HAMMER,32,NA,N,Y,5,strikeonehand 2HAMMER
40,742.923,EXAMPLE,grasp,4KERNEL,32,NA,N,Y,5,grasp 4KERNEL
41,745.173,EXAMPLE,eat,4KERNEL,32,NA,N,Y,5,eat 4KERNEL
42,746.174,EXAMPLE,grasp,4KERNEL,32,NA,N,Y,5,grasp 4KERNEL
43,747.975,EXAMPLE,peelteeth,5SHELL,32,NA,N,Y,5,peelteeth 5SHELL
44,750.175,EXAMPLE,eat,4KERNEL,32,NA,N,Y,5,eat 4KERNEL
45,752.721,EXAMPLE,drop,5SHELL,32,NA,N,Y,5,drop 5SHELL
46,754.722,EXAMPLE,place,1NUT,32,NA,N,Y,5,place 1NUT
47,755.225,EXAMPLE,strikeonehand,2HAMMER,32,NA,N,Y,5,strikeonehand 2HAMMER
48,755.971,EXAMPLE,strikeonehand,2HAMMER,32,NA,N,Y,5,strikeonehand 2HAMMER
49,756.724,EXAMPLE,strikeonehand,2HAMMER,32,NA,N,Y,5,strikeonehand 2HAMMER
50,757.722,EXAMPLE,strikeonehand,2HAMMER,32,NA,N,Y,5,strikeonehand 2HAMMER
51,758.724,EXAMPLE,strikeonehand,2HAMMER,32,NA,N,Y,5,strikeonehand 2HAMMER
52,759.474,EXAMPLE,strikeonehand,2HAMMER,32,NA,N,Y,5,strikeonehand 2HAMMER
53,763.975,EXAMPLE,strikeonehand,2HAMMER,32,NA,N,Y,5,strikeonehand 2HAMMER
54,764.724,EXAMPLE,strikeonehand,2HAMMER,32,NA,N,Y,5,strikeonehand 2HAMMER
55,766.976,EXAMPLE,grasp,4KERNEL,32,NA,N,Y,5,grasp 4KERNEL
56,768.975,EXAMPLE,eat,4KERNEL,32,NA,N,Y,5,eat 4KERNEL
57,770.971,EXAMPLE,grasp,4KERNEL,32,NA,N,Y,5,grasp 4KERNEL
58,771.975,EXAMPLE,peelteeth,5SHELL,32,NA,N,Y,5,peelteeth 5SHELL
59,773.723,EXAMPLE,eat,4KERNEL,32,NA,N,Y,5,eat 4KERNEL
60,781.974,EXAMPLE,drop,2HAMMER,32,NA,N,Y,5,drop 2HAMMER
61,782.724,EXAMPLE,grasp,2HAMMER,32,NA,N,Y,5,grasp 2HAMMER
62,784.725,EXAMPLE,drop,2HAMMER,32,NA,N,Y,5,drop 2HAMMER
63,787.474,EXAMPLE,grasp,2HAMMER,32,NA,N,Y,5,grasp 2HAMMER
64,787.974,EXAMPLE,grasp,3ANVIL,32,NA,N,Y,5,grasp 3ANVIL
65,788.223,EXAMPLE,relocate,,32,NA,N,Y,5,relocate 
66,797.475,EXAMPLE,drop,3ANVIL,32,NA,N,Y,5,drop 3ANVIL
67,257.769,EXAMPLE,grasp,2HAMMER,D2,NA,Y,N,NA,grasp 2HAMMER
68,259.771,EXAMPLE,kiss,2HAMMER,D2,NA,Y,N,NA,kiss 2HAMMER
69,1145.053,EXAMPLE,grasp,2HAMMER,C40,C42,N,Y,5,grasp 2HAMMER
70,1146.804,EXAMPLE,relocate,,C40,C42,N,Y,5,relocate 
71,1156.415,EXAMPLE,drop,3ANVIL,C40,C42,N,Y,5,drop 3ANVIL
72,1196.671,EXAMPLE,relocate,,C40,C42,N,Y,5,relocate 
73,1196.945,EXAMPLE,grasp,2HAMMER,D2,C42,N,Y,5,grasp 2HAMMER
74,1196.945,EXAMPLE,kiss,2HAMMER,D2,C42,N,Y,5,kiss 2HAMMER
75,1198.69,EXAMPLE,drop,2HAMMER,D2,C42,N,Y,5,drop 2HAMMER
76,1203.198,EXAMPLE,grasp,3ANVIL,D2,C42,N,Y,5,grasp 3ANVIL
77,1206.191,EXAMPLE,relocate,,D2,C42,N,Y,5,relocate 
78,1215.441,EXAMPLE,drop,3ANVIL,D2,C42,N,Y,5,drop 3ANVIL
79,1229.692,EXAMPLE,grasp,2HAMMER,D2,C42,N,Y,5,grasp 2HAMMER
80,1239.691,EXAMPLE,grasp,3ANVIL,D2,C42,N,Y,5,grasp 3ANVIL
81,1242.049,EXAMPLE,drop,3ANVIL,D2,C42,N,Y,5,drop 3ANVIL
82,1243.891,EXAMPLE,grasp,3ANVIL,D2,C42,N,Y,5,grasp 3ANVIL
83,1243.891,EXAMPLE,supportfoot,3ANVIL,D2,C42,N,Y,5,supportfoot 3ANVIL
84,1245.143,EXAMPLE,place,3ANVIL,D2,C42,N,Y,5,place 3ANVIL
85,1274.642,EXAMPLE,grasp,2HAMMER,D2,C42,N,Y,5,grasp 2HAMMER
86,1274.642,EXAMPLE,strikeonehand,2HAMMER,D2,C42,N,Y,5,strikeonehand 2HAMMER
87,1278.644,EXAMPLE,grasp,1NUT,D2,C42,N,Y,5,grasp 1NUT
88,1281.141,EXAMPLE,drop,1NUT,D2,C42,N,Y,5,drop 1NUT
89,1282.145,EXAMPLE,grasp,1NUT,D2,C42,N,Y,5,grasp 1NUT
90,1282.39,EXAMPLE,place,1NUT,D2,C42,N,Y,5,place 1NUT
91,1282.894,EXAMPLE,grasp,2HAMMER,D2,C42,N,Y,5,grasp 2HAMMER
92,1282.894,EXAMPLE,strikeonehand,2HAMMER,D2,C42,N,Y,5,strikeonehand 2HAMMER
93,1284.639,EXAMPLE,strikeonehand,2HAMMER,D2,C42,N,Y,5,strikeonehand 2HAMMER
94,1285.393,EXAMPLE,strikeonehand,2HAMMER,D2,C42,N,Y,5,strikeonehand 2HAMMER
95,1286.891,EXAMPLE,grasp,4KERNEL,D2,C42,N,Y,5,grasp 4KERNEL
96,1290.644,EXAMPLE,eat,4KERNEL,D2,C42,N,Y,5,eat 4KERNEL
97,1291.142,EXAMPLE,grasp,1NUT,D2,C42,N,Y,5,grasp 1NUT
98,1292.141,EXAMPLE,place,1NUT,D2,C42,N,Y,5,place 1NUT
99,1292.141,EXAMPLE,strikeonehand,1NUT,D2,C42,N,Y,5,strikeonehand 1NUT
100,1293.89,EXAMPLE,strikeonehand,1NUT,D2,C42,N,Y,5,strikeonehand 1NUT
101,1295.144,EXAMPLE,grasp,1NUT,D2,C42,N,Y,5,grasp 1NUT
102,1297.644,EXAMPLE,bite,1NUT,D2,C42,N,Y,5,bite 1NUT
103,1299.944,EXAMPLE,place,1NUT,D2,C42,N,Y,5,place 1NUT
104,1300.942,EXAMPLE,strikeonehand,1NUT,D2,C42,N,Y,5,strikeonehand 1NUT
105,1302.694,EXAMPLE,eat,4KERNEL,D2,C42,N,Y,5,eat 4KERNEL
106,1302.694,EXAMPLE,grasp,4KERNEL,D2,C42,N,Y,5,grasp 4KERNEL
107,1303.784,EXAMPLE,eat,4KERNEL,D2,C42,N,Y,5,eat 4KERNEL
108,1307.035,EXAMPLE,eat,4KERNEL,D2,C42,N,Y,5,eat 4KERNEL
109,1307.035,EXAMPLE,grasp,4KERNEL,D2,C42,N,Y,5,grasp 4KERNEL
110,1323.534,EXAMPLE,grasp,1NUT,D2,C42,N,Y,5,grasp 1NUT
111,1323.534,EXAMPLE,place,1NUT,D2,C42,N,Y,5,place 1NUT
112,1324.036,EXAMPLE,strikeonehand,2HAMMER,D2,C42,N,Y,5,strikeonehand 2HAMMER
113,1325.535,EXAMPLE,strikeonehand,2HAMMER,D2,C42,N,Y,5,strikeonehand 2HAMMER
114,1326.536,EXAMPLE,grasp,4KERNEL,D2,C42,N,Y,5,grasp 4KERNEL
115,1328.286,EXAMPLE,eat,4KERNEL,D2,C42,N,Y,5,eat 4KERNEL
116,1329.036,EXAMPLE,grasp,1NUT,D2,C42,N,Y,5,grasp 1NUT
117,1339.04,EXAMPLE,place,1NUT,D2,C42,N,Y,5,place 1NUT
118,1340.035,EXAMPLE,strikeonehand,1NUT,D2,C42,N,Y,5,strikeonehand 1NUT
119,1342.036,EXAMPLE,grasp,4KERNEL,D2,C42,N,Y,5,grasp 4KERNEL
120,1344.536,EXAMPLE,peelteeth,5SHELL,D2,C42,N,Y,5,peelteeth 5SHELL
121,1347.535,EXAMPLE,eat,4KERNEL,D2,C42,N,Y,5,eat 4KERNEL
122,1360.996,EXAMPLE,grasp,1NUT,D2,C42,N,Y,5,grasp 1NUT
123,1362.247,EXAMPLE,place,1NUT,D2,C42,N,Y,5,place 1NUT
124,1363.745,EXAMPLE,strikeonehand,2HAMMER,D2,C42,N,Y,5,strikeonehand 2HAMMER
125,1363.993,EXAMPLE,strikeonehand,2HAMMER,D2,C42,N,Y,5,strikeonehand 2HAMMER
126,1365.496,EXAMPLE,strikeonehand,2HAMMER,D2,C42,N,Y,5,strikeonehand 2HAMMER
127,1367.246,EXAMPLE,grasp,4KERNEL,D2,C42,N,Y,5,grasp 4KERNEL
128,1369.496,EXAMPLE,peelteeth,5SHELL,D2,C42,N,Y,5,peelteeth 5SHELL
129,1372.243,EXAMPLE,eat,4KERNEL,D2,C42,N,Y,5,eat 4KERNEL
130,1434.828,EXAMPLE,place,1NUT,C40,C42,N,Y,2,place 1NUT
131,1436.083,EXAMPLE,strikeonehand,1HAMMER,C40,C42,N,Y,2,strikeonehand 1HAMMER
132,1437.582,EXAMPLE,strikeonehand,1HAMMER,C40,C42,N,Y,2,strikeonehand 1HAMMER
133,1439.332,EXAMPLE,grasp,4KERNEL,C40,C42,N,Y,2,grasp 4KERNEL
134,1440.83,EXAMPLE,peelteeth,5SHELL,C40,C42,N,Y,2,peelteeth 5SHELL
135,1440.83,EXAMPLE,eat,4KERNEL,C40,C42,N,Y,2,eat 4KERNEL
136,1461.079,EXAMPLE,place,1NUT,C40,C42,N,Y,2,place 1NUT
137,1461.332,EXAMPLE,strikeonehand,2HAMMER,C40,C42,N,Y,2,strikeonehand 2HAMMER
138,1470.332,EXAMPLE,grasp,1NUT,C40,C42,N,Y,2,grasp 1NUT
139,1471.579,EXAMPLE,place,1NUT,C40,C42,N,Y,2,place 1NUT
140,1472.582,EXAMPLE,strikeonehand,2HAMMER,C40,C42,N,Y,2,strikeonehand 2HAMMER
141,1473.083,EXAMPLE,strikeonehand,2HAMMER,C40,C42,N,Y,2,strikeonehand 2HAMMER
142,1474.078,EXAMPLE,strikeonehand,2HAMMER,C40,C42,N,Y,2,strikeonehand 2HAMMER
143,1475.331,EXAMPLE,strikeonehand,2HAMMER,C40,C42,N,Y,2,strikeonehand 2HAMMER
144,1481.829,EXAMPLE,grasp,4KERNEL,C40,C42,N,Y,2,grasp 4KERNEL
145,1482.081,EXAMPLE,eat,4KERNEL,C40,C42,N,Y,2,eat 4KERNEL
146,1519.832,EXAMPLE,grasp,2HAMMER,NA,NA,N,N,NA,grasp 2HAMMER
147,1521.082,EXAMPLE,relocate,,NA,NA,N,N,NA,relocate 
148,1529.831,EXAMPLE,grasp,1NUT,NA,NA,N,N,NA,grasp 1NUT
149,1530.611,EXAMPLE,place,1NUT,NA,NA,N,N,NA,place 1NUT
150,1533.612,EXAMPLE,strikeonehand,2HAMMER,NA,NA,N,N,NA,strikeonehand 2HAMMER
151,1535.362,EXAMPLE,strikeonehand,2HAMMER,NA,NA,N,N,NA,strikeonehand 2HAMMER
152,1535.861,EXAMPLE,strikeonehand,2HAMMER,NA,NA,N,N,NA,strikeonehand 2HAMMER
153,1536.608,EXAMPLE,strikeonehand,2HAMMER,NA,NA,N,N,NA,strikeonehand 2HAMMER
154,1540.359,EXAMPLE,reorient,3ANVIL,NA,NA,N,N,NA,reorient 3ANVIL
155,1542.11,EXAMPLE,relocate,,NA,NA,N,N,NA,relocate 
156,1907.251,EXAMPLE,reorient,3ANVIL,NA,NA,N,Y,3,reorient 3ANVIL
157,1907.75,EXAMPLE,place,1NUT,NA,NA,N,Y,3,place 1NUT
158,1908.502,EXAMPLE,strikeonehand,2HAMMER,NA,NA,N,Y,3,strikeonehand 2HAMMER
159,1909.499,EXAMPLE,strikeonehand,2HAMMER,NA,NA,N,Y,3,strikeonehand 2HAMMER
160,1909.999,EXAMPLE,strikeonehand,2HAMMER,NA,NA,N,Y,3,strikeonehand 2HAMMER
161,1911.246,EXAMPLE,strikeonehand,2HAMMER,NA,NA,N,Y,3,strikeonehand 2HAMMER
162,1912.997,EXAMPLE,strikeonehand,2HAMMER,NA,NA,N,Y,3,strikeonehand 2HAMMER
163,1913.999,EXAMPLE,grasp,4KERNEL,NA,NA,N,Y,3,grasp 4KERNEL
164,1914.022,EXAMPLE,peelteeth,5SHELL,NA,NA,N,Y,3,peelteeth 5SHELL
165,1921.868,EXAMPLE,place,1NUT,NA,NA,N,Y,3,place 1NUT
166,1922.614,EXAMPLE,strikeonehand,2HAMMER,NA,NA,N,Y,3,strikeonehand 2HAMMER
167,1926.114,EXAMPLE,grasp,4KERNEL,NA,NA,N,Y,3,grasp 4KERNEL
168,1926.364,EXAMPLE,eat,4KERNEL,NA,NA,N,Y,3,eat 4KERNEL
169,1929.618,EXAMPLE,drop,5SHELL,NA,NA,N,Y,3,drop 5SHELL
170,1932.614,EXAMPLE,grasp,1NUT,NA,NA,N,Y,3,grasp 1NUT
171,1933.367,EXAMPLE,place,1NUT,NA,NA,N,Y,3,place 1NUT
172,1935.116,EXAMPLE,grasp,1NUT,NA,NA,N,Y,3,grasp 1NUT
173,1935.864,EXAMPLE,place,1NUT,NA,NA,N,Y,3,place 1NUT
174,1936.615,EXAMPLE,strikeonehand,2HAMMER,NA,NA,N,Y,3,strikeonehand 2HAMMER
175,1937.866,EXAMPLE,strikeonehand,2HAMMER,NA,NA,N,Y,3,strikeonehand 2HAMMER
176,1940.617,EXAMPLE,grasp,4KERNEL,NA,NA,N,Y,3,grasp 4KERNEL
177,1941.864,EXAMPLE,eat,4KERNEL,NA,NA,N,Y,3,eat 4KERNEL
178,1943.116,EXAMPLE,reorient,3ANVIL,NA,NA,N,Y,3,reorient 3ANVIL
179,1944.365,EXAMPLE,grasp,1NUT,NA,NA,N,Y,3,grasp 1NUT
180,1945.368,EXAMPLE,place,1NUT,NA,NA,N,Y,3,place 1NUT
181,1946.614,EXAMPLE,strikeonehand,2HAMMER,NA,NA,N,Y,3,strikeonehand 2HAMMER
182,1947.367,EXAMPLE,strikeonehand,2HAMMER,NA,NA,N,Y,3,strikeonehand 2HAMMER
183,1953.368,EXAMPLE,grasp,4KERNEL,NA,NA,N,Y,3,grasp 4KERNEL
184,1953.867,EXAMPLE,eat,4KERNEL,NA,NA,N,Y,3,eat 4KERNEL
185,1994.418,EXAMPLE,grasp,2HAMMER,NA,NA,N,Y,3,grasp 2HAMMER
186,1994.418,EXAMPLE,place,1NUT,NA,NA,N,Y,3,place 1NUT
187,1994.909,EXAMPLE,strikeonehand,2HAMMER,NA,NA,N,Y,3,strikeonehand 2HAMMER
188,1995.91,EXAMPLE,grasp,1NUT,NA,NA,N,Y,3,grasp 1NUT
189,1996.908,EXAMPLE,place,1NUT,NA,NA,N,Y,3,place 1NUT
190,1998.409,EXAMPLE,strikeonehand,2HAMMER,NA,NA,N,Y,3,strikeonehand 2HAMMER
191,1999.41,EXAMPLE,strikeonehand,2HAMMER,NA,NA,N,Y,3,strikeonehand 2HAMMER
192,2001.161,EXAMPLE,strikeonehand,2HAMMER,NA,NA,N,Y,3,strikeonehand 2HAMMER
193,2002.657,EXAMPLE,strikeonehand,2HAMMER,NA,NA,N,Y,3,strikeonehand 2HAMMER
194,2003.751,EXAMPLE,grasp,1NUT,NA,NA,N,Y,3,grasp 1NUT
195,2007.001,EXAMPLE,peelteeth,5SHELL,NA,NA,N,Y,3,peelteeth 5SHELL
196,2010.5,EXAMPLE,eat,4KERNEL,NA,NA,N,Y,3,eat 4KERNEL
197,2013.501,EXAMPLE,grasp,1NUT,NA,NA,N,Y,3,grasp 1NUT
198,2014.502,EXAMPLE,place,1NUT,NA,NA,N,Y,3,place 1NUT
199,2014.75,EXAMPLE,strikeonehand,2HAMMER,NA,NA,N,Y,3,strikeonehand 2HAMMER
200,2018.498,EXAMPLE,grasp,1NUT,NA,NA,N,Y,3,grasp 1NUT
201,2020.249,EXAMPLE,peelteeth,5SHELL,NA,NA,N,Y,3,peelteeth 5SHELL
202,2022.751,EXAMPLE,eat,4KERNEL,NA,NA,N,Y,3,eat 4KERNEL
203,2029.001,EXAMPLE,grasp,1NUT,NA,NA,N,Y,3,grasp 1NUT
204,2029.752,EXAMPLE,place,1NUT,NA,NA,N,Y,3,place 1NUT
205,2030.25,EXAMPLE,strikeonehand,2HAMMER,NA,NA,N,Y,3,strikeonehand 2HAMMER
206,2031.251,EXAMPLE,strikeonehand,2HAMMER,NA,NA,N,Y,3,strikeonehand 2HAMMER
207,2033.526,EXAMPLE,grasp,4KERNEL,NA,NA,N,Y,3,grasp 4KERNEL
208,2034.025,EXAMPLE,eat,4KERNEL,NA,NA,N,Y,3,eat 4KERNEL
209,2116.682,EXAMPLE,place,1NUT,NA,C42,N,Y,2,place 1NUT
210,2117.68,EXAMPLE,strikeonehand,2HAMMER,NA,C42,N,Y,2,strikeonehand 2HAMMER
211,2118.432,EXAMPLE,strikeonehand,2HAMMER,NA,C42,N,Y,2,strikeonehand 2HAMMER
212,2119.182,EXAMPLE,strikeonehand,2HAMMER,NA,C42,N,Y,2,strikeonehand 2HAMMER
213,2119.929,EXAMPLE,strikeonehand,2HAMMER,NA,C42,N,Y,2,strikeonehand 2HAMMER
214,2120.932,EXAMPLE,grasp,4KERNEL,NA,C42,N,Y,2,grasp 4KERNEL
215,2121.432,EXAMPLE,drop,2HAMMER,NA,C42,N,Y,2,drop 2HAMMER
216,2123.18,EXAMPLE,eat,4KERNEL,NA,C42,N,Y,2,eat 4KERNEL
217,2123.18,EXAMPLE,grasp,2HAMMER,NA,C42,N,Y,2,grasp 2HAMMER
218,2130.93,EXAMPLE,grasp,1NUT,NA,C42,N,Y,2,grasp 1NUT
219,2131.431,EXAMPLE,place,1NUT,NA,C42,N,Y,2,place 1NUT
220,2132.682,EXAMPLE,strikeonehand,1NUT,NA,C42,N,Y,2,strikeonehand 1NUT
221,2133.431,EXAMPLE,strikeonehand,1NUT,NA,C42,N,Y,2,strikeonehand 1NUT
222,2137.679,EXAMPLE,grasp,1NUT,NA,C42,N,Y,2,grasp 1NUT
223,2138.681,EXAMPLE,peelteeth,5SHELL,NA,C42,N,Y,2,peelteeth 5SHELL
224,2140.681,EXAMPLE,eat,4KERNEL,NA,C42,N,Y,2,eat 4KERNEL
225,2159.64,EXAMPLE,grasp,1NUT,NA,C42,N,Y,10,grasp 1NUT
226,2160.138,EXAMPLE,place,1NUT,NA,C42,N,Y,10,place 1NUT
227,2160.639,EXAMPLE,strikeonehand,2HAMMER,NA,C42,N,Y,10,strikeonehand 2HAMMER
228,2161.636,EXAMPLE,strikeonehand,2HAMMER,NA,C42,N,Y,10,strikeonehand 2HAMMER
229,2162.388,EXAMPLE,strikeonehand,2HAMMER,NA,C42,N,Y,10,strikeonehand 2HAMMER
230,2163.386,EXAMPLE,strikeonehand,2HAMMER,NA,C42,N,Y,10,strikeonehand 2HAMMER
231,2163.889,EXAMPLE,strikeonehand,2HAMMER,NA,C42,N,Y,10,strikeonehand 2HAMMER
232,2165.386,EXAMPLE,strikeonehand,2HAMMER,NA,C42,N,Y,10,strikeonehand 2HAMMER
233,2167.64,EXAMPLE,grasp,4KERNEL,NA,C42,N,Y,10,grasp 4KERNEL
234,2169.136,EXAMPLE,peelteeth,5SHELL,NA,C42,N,Y,10,peelteeth 5SHELL
235,2170.637,EXAMPLE,eat,4KERNEL,NA,C42,N,Y,10,eat 4KERNEL
236,2176.955,EXAMPLE,grasp,1NUT,NA,C42,N,Y,10,grasp 1NUT
237,2177.706,EXAMPLE,grasp,1NUT,NA,C42,N,Y,10,grasp 1NUT
238,2178.203,EXAMPLE,grasp,1NUT,NA,C42,N,Y,10,grasp 1NUT
239,2179.204,EXAMPLE,place,1NUT,NA,C42,N,Y,10,place 1NUT
240,2179.638,EXAMPLE,strikeonehand,2HAMMER,NA,C42,N,Y,10,strikeonehand 2HAMMER
241,2180.388,EXAMPLE,strikeonehand,2HAMMER,NA,C42,N,Y,10,strikeonehand 2HAMMER
242,2181.064,EXAMPLE,touchhand,1NUT,NA,C42,N,Y,10,touchhand 1NUT
243,2182.311,EXAMPLE,strikeonehand,2HAMMER,NA,C42,N,Y,10,strikeonehand 2HAMMER
244,2183.314,EXAMPLE,strikeonehand,2HAMMER,NA,C42,N,Y,10,strikeonehand 2HAMMER
245,2185.063,EXAMPLE,strikeonehand,2HAMMER,NA,C42,N,Y,10,strikeonehand 2HAMMER
246,2186.063,EXAMPLE,strikeonehand,2HAMMER,NA,C42,N,Y,10,strikeonehand 2HAMMER
247,2188.813,EXAMPLE,strikeonehand,2HAMMER,NA,C42,N,Y,10,strikeonehand 2HAMMER
248,2189.563,EXAMPLE,strikeonehand,2HAMMER,NA,C42,N,Y,10,strikeonehand 2HAMMER
249,2191.811,EXAMPLE,grasp,4KERNEL,NA,C42,N,Y,10,grasp 4KERNEL
250,2192.562,EXAMPLE,eat,4KERNEL,NA,C42,N,Y,10,eat 4KERNEL
251,2193.312,EXAMPLE,place,1NUT,NA,C42,N,Y,10,place 1NUT
252,2193.814,EXAMPLE,strikeonehand,2HAMMER,NA,C42,N,Y,10,strikeonehand 2HAMMER
253,2194.814,EXAMPLE,touchhand,1NUT,NA,C42,N,Y,10,touchhand 1NUT
254,2195.313,EXAMPLE,strikeonehand,2HAMMER,NA,C42,N,Y,10,strikeonehand 2HAMMER
255,2197.561,EXAMPLE,grasp,4KERNEL,NA,C42,N,Y,10,grasp 4KERNEL
256,2199.314,EXAMPLE,eat,4KERNEL,NA,C42,N,Y,10,eat 4KERNEL
257,2200.809,EXAMPLE,grasp,1NUT,NA,C42,N,Y,10,grasp 1NUT
258,2201.813,EXAMPLE,place,1NUT,NA,C42,N,Y,10,place 1NUT
259,2202.813,EXAMPLE,strikeonehand,2HAMMER,NA,C42,N,Y,10,strikeonehand 2HAMMER
260,2203.563,EXAMPLE,strikeonehand,2HAMMER,NA,C42,N,Y,10,strikeonehand 2HAMMER
261,2204.561,EXAMPLE,grasp,1NUT,NA,C42,N,Y,10,grasp 1NUT
262,2210.062,EXAMPLE,peelteeth,5SHELL,NA,C42,N,Y,10,peelteeth 5SHELL
263,2211.064,EXAMPLE,place,1NUT,NA,C42,N,Y,10,place 1NUT
264,2212.063,EXAMPLE,strikeonehand,1NUT,NA,C42,N,Y,10,strikeonehand 1NUT
265,2213.311,EXAMPLE,touchhand,1NUT,NA,C42,N,Y,10,touchhand 1NUT
266,2214.063,EXAMPLE,strikeonehand,2HAMMER,NA,C42,N,Y,10,strikeonehand 2HAMMER
267,2215.312,EXAMPLE,grasp,4KERNEL,NA,C42,N,Y,10,grasp 4KERNEL
268,2216.062,EXAMPLE,eat,4KERNEL,NA,C42,N,Y,10,eat 4KERNEL
269,2218.313,EXAMPLE,grasp,1NUT,NA,C42,N,Y,10,grasp 1NUT
270,2219.312,EXAMPLE,place,1NUT,NA,C42,N,Y,10,place 1NUT
271,2219.812,EXAMPLE,strikeonehand,2HAMMER,NA,C42,N,Y,10,strikeonehand 2HAMMER
272,2222.562,EXAMPLE,touchhand,4KERNEL,NA,C42,N,Y,10,touchhand 4KERNEL
273,2223.064,EXAMPLE,grasp,4KERNEL,NA,C42,N,Y,10,grasp 4KERNEL
274,2224.313,EXAMPLE,eat,4KERNEL,NA,C42,N,Y,10,eat 4KERNEL
275,2229.313,EXAMPLE,grasp,1NUT,NA,C42,N,Y,10,grasp 1NUT
276,2231.561,EXAMPLE,place,1NUT,NA,C42,N,Y,10,place 1NUT
277,2232.819,EXAMPLE,strikeonehand,2HAMMER,NA,C42,N,Y,10,strikeonehand 2HAMMER
278,2233.814,EXAMPLE,strikeonehand,2HAMMER,NA,C42,N,Y,10,strikeonehand 2HAMMER
279,2236.061,EXAMPLE,grasp,4KERNEL,NA,C42,N,Y,10,grasp 4KERNEL
280,2239.811,EXAMPLE,eat,4KERNEL,NA,C42,N,Y,10,eat 4KERNEL
281,2240.812,EXAMPLE,grasp,1NUT,NA,C42,N,Y,10,grasp 1NUT
282,2241.814,EXAMPLE,place,1NUT,NA,C42,N,Y,10,place 1NUT
283,2242.562,EXAMPLE,strikeonehand,1NUT,NA,C42,N,Y,10,strikeonehand 1NUT
284,2243.814,EXAMPLE,strikeonehand,1NUT,NA,C42,N,Y,10,strikeonehand 1NUT
285,2244.56,EXAMPLE,strikeonehand,1NUT,NA,C42,N,Y,10,strikeonehand 1NUT
286,2247.563,EXAMPLE,grasp,1NUT,NA,C42,N,Y,10,grasp 1NUT
287,2248.814,EXAMPLE,peelteeth,5SHELL,NA,C42,N,Y,10,peelteeth 5SHELL
288,2251.062,EXAMPLE,eat,4KERNEL,NA,C42,N,Y,10,eat 4KERNEL
289,2252.311,EXAMPLE,grasp,1NUT,NA,C42,N,Y,10,grasp 1NUT
290,2253.56,EXAMPLE,place,1NUT,NA,C42,N,Y,10,place 1NUT
291,2254.561,EXAMPLE,strikeonehand,2HAMMER,NA,C42,N,Y,10,strikeonehand 2HAMMER
292,2255.561,EXAMPLE,strikeonehand,2HAMMER,NA,C42,N,Y,10,strikeonehand 2HAMMER
293,2256.311,EXAMPLE,strikeonehand,2HAMMER,NA,C42,N,Y,10,strikeonehand 2HAMMER
294,2257.56,EXAMPLE,grasp,4KERNEL,NA,C42,N,Y,10,grasp 4KERNEL
295,2259.31,EXAMPLE,eat,4KERNEL,NA,C42,N,Y,10,eat 4KERNEL
296,2260.061,EXAMPLE,grasp,1NUT,NA,C42,N,Y,10,grasp 1NUT
297,2261.063,EXAMPLE,place,1NUT,NA,C42,N,Y,10,place 1NUT
298,2261.563,EXAMPLE,strikeonehand,2HAMMER,NA,C42,N,Y,10,strikeonehand 2HAMMER
299,2262.813,EXAMPLE,strikeonehand,2HAMMER,NA,C42,N,Y,10,strikeonehand 2HAMMER
300,2263.813,EXAMPLE,strikeonehand,2HAMMER,NA,C42,N,Y,10,strikeonehand 2HAMMER
301,2266.309,EXAMPLE,grasp,4KERNEL,NA,C42,N,Y,10,grasp 4KERNEL
302,2266.561,EXAMPLE,eat,4KERNEL,NA,C42,N,Y,10,eat 4KERNEL
303,2268.317,EXAMPLE,grasp,1NUT,NA,C42,N,Y,10,grasp 1NUT
304,2269.814,EXAMPLE,place,1NUT,NA,C42,N,Y,10,place 1NUT
305,2270.063,EXAMPLE,strikeonehand,2HAMMER,NA,C42,N,Y,10,strikeonehand 2HAMMER
306,2271.81,EXAMPLE,strikeonehand,2HAMMER,NA,C42,N,Y,10,strikeonehand 2HAMMER
307,2272.061,EXAMPLE,grasp,4KERNEL,NA,C42,N,Y,10,grasp 4KERNEL
308,2273.811,EXAMPLE,eat,4KERNEL,NA,C42,N,Y,10,eat 4KERNEL
309,2275.314,EXAMPLE,grasp,1NUT,NA,C42,N,Y,10,grasp 1NUT
310,3621.683,EXAMPLE,grasp,2HAMMER,D6,D5,N,Y,5,grasp 2HAMMER
311,3625.932,EXAMPLE,drop,2HAMMER,D6,D5,N,Y,5,drop 2HAMMER
312,3627.185,EXAMPLE,relocate,,D6,D5,N,Y,5,relocate 
313,3637.934,EXAMPLE,touchhand,3ANVIL,D6,D5,N,Y,5,touchhand 3ANVIL
314,3638.934,EXAMPLE,touchhand,3ANVIL,D6,D5,N,Y,5,touchhand 3ANVIL
315,3639.934,EXAMPLE,grasp,3ANVIL,D6,D5,N,Y,5,grasp 3ANVIL
316,3640.935,EXAMPLE,kiss,3ANVIL,D6,D5,N,Y,5,kiss 3ANVIL
317,3642.936,EXAMPLE,kiss,3ANVIL,D6,D5,N,Y,5,kiss 3ANVIL
318,3643.682,EXAMPLE,kiss,3ANVIL,D6,D5,N,Y,5,kiss 3ANVIL
319,3644.93,EXAMPLE,kiss,3ANVIL,D6,D5,N,Y,5,kiss 3ANVIL
320,3646.685,EXAMPLE,drop,3ANVIL,D6,D5,N,Y,5,drop 3ANVIL
321,3647.432,EXAMPLE,grasp,3ANVIL,D6,D5,N,Y,5,grasp 3ANVIL
322,3651.183,EXAMPLE,reorient,3ANVIL,D6,D5,N,Y,5,reorient 3ANVIL
323,3651.435,EXAMPLE,reorient,3ANVIL,D6,D5,N,Y,5,reorient 3ANVIL
324,3651.932,EXAMPLE,grasp,3ANVIL,D6,D5,N,Y,5,grasp 3ANVIL
325,3653.684,EXAMPLE,relocate,,D6,D5,N,Y,5,relocate 
326,3665.685,EXAMPLE,drop,3ANVIL,D6,D5,N,Y,5,drop 3ANVIL
327,3666.681,EXAMPLE,grasp,2HAMMER,D6,D5,N,Y,5,grasp 2HAMMER
328,3669.184,EXAMPLE,drop,2HAMMER,D6,D5,N,Y,5,drop 2HAMMER
329,3670.185,EXAMPLE,grasp,2HAMMER,D6,D5,N,Y,5,grasp 2HAMMER
330,3671.435,EXAMPLE,supportfoot,3ANVIL,D6,D5,N,Y,5,supportfoot 3ANVIL
331,3672.183,EXAMPLE,grasp,1NUT,D6,D5,N,Y,5,grasp 1NUT
332,3674.684,EXAMPLE,supporthand,1NUT,D6,D5,N,Y,5,supporthand 1NUT
333,3677.184,EXAMPLE,grasp,1NUT,D6,D5,N,Y,5,grasp 1NUT
334,3677.685,EXAMPLE,place,1NUT,D6,D5,N,Y,5,place 1NUT
335,3681.937,EXAMPLE,strikeonehand,2HAMMER,D6,D5,N,Y,5,strikeonehand 2HAMMER
336,3682.933,EXAMPLE,strikeonehand,2HAMMER,D6,D5,N,Y,5,strikeonehand 2HAMMER
337,3684.931,EXAMPLE,strikeonehand,2HAMMER,D6,D5,N,Y,5,strikeonehand 2HAMMER
338,3686.183,EXAMPLE,strikeonehand,2HAMMER,D6,D5,N,Y,5,strikeonehand 2HAMMER
339,3687.248,EXAMPLE,supporthand,1NUT,D6,D5,N,Y,5,supporthand 1NUT
340,3688.749,EXAMPLE,grasp,1NUT,D6,D5,N,Y,5,grasp 1NUT
341,3689.997,EXAMPLE,reorient,3ANVIL,D6,D5,N,Y,5,reorient 3ANVIL
342,3690.5,EXAMPLE,place,1NUT,D6,D5,N,Y,5,place 1NUT
343,3691.501,EXAMPLE,grasp,1NUT,D6,D5,N,Y,5,grasp 1NUT
344,3692.498,EXAMPLE,place,1NUT,D6,D5,N,Y,5,place 1NUT
345,3693.591,EXAMPLE,grasp,1NUT,D6,D5,N,Y,5,grasp 1NUT
346,3693.751,EXAMPLE,flip,3ANVIL,D6,D5,N,Y,5,flip 3ANVIL
347,3694.996,EXAMPLE,place,1NUT,D6,D5,N,Y,5,place 1NUT
348,3707.589,EXAMPLE,drop,2HAMMER,D6,D5,N,Y,5,drop 2HAMMER
349,3708.09,EXAMPLE,place,1NUT,D6,D5,N,Y,5,place 1NUT
350,3710.839,EXAMPLE,reorient,3ANVIL,D5,D6,N,Y,5,reorient 3ANVIL
351,3716.091,EXAMPLE,grasp,2HAMMER,D5,D6,N,Y,5,grasp 2HAMMER
352,3716.842,EXAMPLE,strikeonehand,2HAMMER,D5,D6,N,Y,5,strikeonehand 2HAMMER
353,3717.588,EXAMPLE,strikeonehand,2HAMMER,D5,D6,N,Y,5,strikeonehand 2HAMMER
354,3718.338,EXAMPLE,strikeonehand,2HAMMER,D5,D6,N,Y,5,strikeonehand 2HAMMER
355,3719.342,EXAMPLE,strikeonehand,2HAMMER,D5,D6,N,Y,5,strikeonehand 2HAMMER
356,3720.343,EXAMPLE,strikeonehand,2HAMMER,D5,D6,N,Y,5,strikeonehand 2HAMMER
357,3722.343,EXAMPLE,strikeonehand,2HAMMER,D5,D6,N,Y,5,strikeonehand 2HAMMER
358,3725.09,EXAMPLE,grasp,1NUT,D5,D6,N,Y,5,grasp 1NUT
359,3725.589,EXAMPLE,place,1NUT,D5,D6,N,Y,5,place 1NUT
360,3726.592,EXAMPLE,grasp,1NUT,D5,D6,N,Y,5,grasp 1NUT
361,3727.591,EXAMPLE,place,1NUT,D5,D6,N,Y,5,place 1NUT
362,3728.591,EXAMPLE,strikeonehand,2HAMMER,D5,D6,N,Y,5,strikeonehand 2HAMMER
363,3730.091,EXAMPLE,strikeonehand,2HAMMER,D5,D6,N,Y,5,strikeonehand 2HAMMER
364,3731.341,EXAMPLE,touchhand,4KERNEL,D5,D6,N,Y,5,touchhand 4KERNEL
365,3732.092,EXAMPLE,grasp,4KERNEL,D5,D6,N,Y,5,grasp 4KERNEL
366,3733.091,EXAMPLE,eat,4KERNEL,D5,D6,N,Y,5,eat 4KERNEL
367,3733.59,EXAMPLE,grasp,4KERNEL,D5,D6,N,Y,5,grasp 4KERNEL
368,3735.593,EXAMPLE,eat,4KERNEL,D5,D6,N,Y,5,eat 4KERNEL
369,3736.092,EXAMPLE,drop,5SHELL,D5,D6,N,Y,5,drop 5SHELL
370,3737.589,EXAMPLE,grasp,4KERNEL,D5,D6,N,Y,5,grasp 4KERNEL
371,3738.592,EXAMPLE,eat,4KERNEL,D5,D6,N,Y,5,eat 4KERNEL
372,3741.841,EXAMPLE,drop,5SHELL,D5,D6,N,Y,5,drop 5SHELL
373,3744.091,EXAMPLE,grasp,1NUT,D5,D6,N,Y,5,grasp 1NUT
374,3745.342,EXAMPLE,place,1NUT,D5,D6,N,Y,5,place 1NUT
375,3746.09,EXAMPLE,strikeonehand,2HAMMER,D5,D6,N,Y,5,strikeonehand 2HAMMER
376,3746.842,EXAMPLE,strikeonehand,2HAMMER,D5,D6,N,Y,5,strikeonehand 2HAMMER
377,3747.593,EXAMPLE,strikeonehand,2HAMMER,D5,D6,N,Y,5,strikeonehand 2HAMMER
378,3748.842,EXAMPLE,strikeonehand,2HAMMER,D5,D6,N,Y,5,strikeonehand 2HAMMER
379,3749.839,EXAMPLE,strikeonehand,2HAMMER,D5,D6,N,Y,5,strikeonehand 2HAMMER
380,3750.591,EXAMPLE,strikeonehand,2HAMMER,D5,D6,N,Y,5,strikeonehand 2HAMMER
381,3751.844,EXAMPLE,strikeonehand,2HAMMER,D5,D6,N,Y,5,strikeonehand 2HAMMER
382,3753.088,EXAMPLE,strikeonehand,2HAMMER,D5,D6,N,Y,5,strikeonehand 2HAMMER
383,3755.591,EXAMPLE,grasp,4KERNEL,D5,D6,N,Y,5,grasp 4KERNEL
384,3758.304,EXAMPLE,drop,4KERNEL,D5,D6,N,Y,5,drop 4KERNEL
385,3758.551,EXAMPLE,strikeonehand,2HAMMER,D5,D6,N,Y,5,strikeonehand 2HAMMER
386,3760.054,EXAMPLE,strikeonehand,2HAMMER,D5,D6,N,Y,5,strikeonehand 2HAMMER
387,3761.305,EXAMPLE,strikeonehand,2HAMMER,D5,D6,N,Y,5,strikeonehand 2HAMMER
388,3762.304,EXAMPLE,touchhand,1NUT,D5,D6,N,Y,5,touchhand 1NUT
389,3763.804,EXAMPLE,strikeonehand,2HAMMER,D5,D6,N,Y,5,strikeonehand 2HAMMER
390,3764.895,EXAMPLE,touchhand,1NUT,D5,D6,N,Y,5,touchhand 1NUT
391,3767.896,EXAMPLE,strikeonehand,2HAMMER,D5,D6,N,Y,5,strikeonehand 2HAMMER
392,3769.145,EXAMPLE,strikeonehand,2HAMMER,D5,D6,N,Y,5,strikeonehand 2HAMMER
393,3770.394,EXAMPLE,strikeonehand,2HAMMER,D5,D6,N,Y,5,strikeonehand 2HAMMER
394,3771.646,EXAMPLE,grasp,1NUT,D5,D6,N,Y,5,grasp 1NUT
395,3772.646,EXAMPLE,place,1NUT,D5,D6,N,Y,5,place 1NUT
396,3772.893,EXAMPLE,strikeonehand,2HAMMER,D5,D6,N,Y,5,strikeonehand 2HAMMER
397,3774.646,EXAMPLE,touchhand,1NUT,D5,D6,N,Y,5,touchhand 1NUT
398,3775.396,EXAMPLE,strikeonehand,2HAMMER,D5,D6,N,Y,5,strikeonehand 2HAMMER
399,3784.579,EXAMPLE,drop,2HAMMER,D5,D6,N,Y,5,drop 2HAMMER
400,3785.83,EXAMPLE,touchhand,2HAMMER,D5,D6,N,Y,5,touchhand 2HAMMER
401,3786.08,EXAMPLE,touchhand,2HAMMER,D5,D6,N,Y,5,touchhand 2HAMMER
402,3789.58,EXAMPLE,grasp,3ANVIL,D6,D5,N,Y,5,grasp 3ANVIL
403,3791.58,EXAMPLE,rollhand,3ANVIL,D6,D5,N,Y,5,rollhand 3ANVIL
404,3793.081,EXAMPLE,reorient,3ANVIL,D6,D5,N,Y,5,reorient 3ANVIL
405,3795.08,EXAMPLE,place,1NUT,D6,D5,N,Y,5,place 1NUT
406,3795.828,EXAMPLE,grasp,1NUT,D6,D5,N,Y,5,grasp 1NUT
407,3797.08,EXAMPLE,place,1NUT,D6,D5,N,Y,5,place 1NUT
408,3801.58,EXAMPLE,reorient,3ANVIL,D6,D5,N,Y,5,reorient 3ANVIL
409,3802.58,EXAMPLE,place,1NUT,D6,D5,N,Y,5,place 1NUT
410,3806.832,EXAMPLE,flip,3ANVIL,D6,D5,N,Y,5,flip 3ANVIL
411,3808.331,EXAMPLE,place,1NUT,D6,D5,N,Y,5,place 1NUT
412,3809.605,EXAMPLE,kick,3ANVIL,D6,D5,N,Y,5,kick 3ANVIL
413,3810.355,EXAMPLE,grasp,1NUT,D6,D5,N,Y,5,grasp 1NUT
414,3810.854,EXAMPLE,place,1NUT,D6,D5,N,Y,5,place 1NUT
415,3814.352,EXAMPLE,flip,3ANVIL,D6,D5,N,Y,5,flip 3ANVIL
416,3815.853,EXAMPLE,place,1NUT,D6,D5,N,Y,5,place 1NUT
417,3817.103,EXAMPLE,grasp,1NUT,D6,D5,N,Y,5,grasp 1NUT
418,3818.35,EXAMPLE,kick,3ANVIL,D6,D5,N,Y,5,kick 3ANVIL
419,3818.944,EXAMPLE,place,1NUT,D6,D5,N,Y,5,place 1NUT
420,3820.446,EXAMPLE,grasp,1NUT,D6,D5,N,Y,5,grasp 1NUT
421,3821.444,EXAMPLE,reorient,3ANVIL,D6,D5,N,Y,5,reorient 3ANVIL
422,3825.446,EXAMPLE,place,1NUT,D6,D5,N,Y,5,place 1NUT
423,3828.694,EXAMPLE,supportfoot,3ANVIL,D6,D5,N,Y,5,supportfoot 3ANVIL
424,3832.696,EXAMPLE,grasp,1NUT,D6,D5,N,Y,5,grasp 1NUT
425,3832.696,EXAMPLE,reorient,3ANVIL,D6,D5,N,Y,5,reorient 3ANVIL
426,3834.696,EXAMPLE,place,1NUT,D6,D5,N,Y,5,place 1NUT
427,3835.696,EXAMPLE,grasp,1NUT,D6,D5,N,Y,5,grasp 1NUT
428,3836.195,EXAMPLE,place,1NUT,D6,D5,N,Y,5,place 1NUT
429,3839.945,EXAMPLE,strikeonehand,2HAMMER,D6,D5,N,Y,5,strikeonehand 2HAMMER
430,3842.193,EXAMPLE,grasp,1NUT,D6,D5,N,Y,5,grasp 1NUT
431,3843.194,EXAMPLE,flip,3ANVIL,D6,D5,N,Y,5,flip 3ANVIL
432,3845.694,EXAMPLE,place,1NUT,D6,D5,N,Y,5,place 1NUT
433,3846.946,EXAMPLE,grasp,1NUT,D6,D5,N,Y,5,grasp 1NUT
434,3848.446,EXAMPLE,place,1NUT,D6,D5,N,Y,5,place 1NUT
435,3857.193,EXAMPLE,reorient,3ANVIL,D6,D5,N,Y,5,reorient 3ANVIL
436,3857.945,EXAMPLE,place,1NUT,D6,D5,N,Y,5,place 1NUT
437,3859.195,EXAMPLE,strikeonehand,2HAMMER,D6,D5,N,Y,5,strikeonehand 2HAMMER
438,3860.448,EXAMPLE,strikeonehand,2HAMMER,D6,D5,N,Y,5,strikeonehand 2HAMMER
439,3861.942,EXAMPLE,strikeonehand,2HAMMER,D6,D5,N,Y,5,strikeonehand 2HAMMER
440,3863.694,EXAMPLE,grasp,4KERNEL,D6,D5,N,Y,5,grasp 4KERNEL
441,3867.192,EXAMPLE,eat,4KERNEL,D6,D5,N,Y,5,eat 4KERNEL
442,3869.242,EXAMPLE,grasp,4KERNEL,D6,D5,N,Y,5,grasp 4KERNEL
443,3871.744,EXAMPLE,peelteeth,5SHELL,D6,D5,N,Y,5,peelteeth 5SHELL
444,3873.996,EXAMPLE,eat,4KERNEL,D6,D5,N,Y,5,eat 4KERNEL
445,3874.493,EXAMPLE,drop,5SHELL,D6,D5,N,Y,5,drop 5SHELL
446,3876.494,EXAMPLE,grasp,4KERNEL,D6,D5,N,Y,5,grasp 4KERNEL
447,3877.493,EXAMPLE,eat,4KERNEL,D6,D5,N,Y,5,eat 4KERNEL
448,3879.495,EXAMPLE,grasp,4KERNEL,D6,D5,N,Y,5,grasp 4KERNEL
449,3879.742,EXAMPLE,eat,4KERNEL,D6,D5,N,Y,5,eat 4KERNEL
450,3881.245,EXAMPLE,grasp,4KERNEL,D6,D5,N,Y,5,grasp 4KERNEL
451,3881.995,EXAMPLE,eat,4KERNEL,D6,D5,N,Y,5,eat 4KERNEL
452,3883.246,EXAMPLE,grasp,4KERNEL,D6,D5,N,Y,5,grasp 4KERNEL
453,3883.746,EXAMPLE,eat,4KERNEL,D6,D5,N,Y,5,eat 4KERNEL
454,3886.496,EXAMPLE,grasp,4KERNEL,D6,D5,N,Y,5,grasp 4KERNEL
455,3887.243,EXAMPLE,peelteeth,5SHELL,D6,D5,N,Y,5,peelteeth 5SHELL
456,3888.495,EXAMPLE,drop,5SHELL,D6,D5,N,Y,5,drop 5SHELL
457,3889.746,EXAMPLE,eat,4KERNEL,D6,D5,N,Y,5,eat 4KERNEL
458,3890.494,EXAMPLE,strikeonehand,2HAMMER,D6,D5,N,Y,5,strikeonehand 2HAMMER
459,3891.242,EXAMPLE,grasp,1NUT,D6,D5,N,Y,5,grasp 1NUT
460,3891.745,EXAMPLE,place,1NUT,D6,D5,N,Y,5,place 1NUT
461,3892.744,EXAMPLE,strikeonehand,2HAMMER,D6,D5,N,Y,5,strikeonehand 2HAMMER
462,3893.245,EXAMPLE,strikeonehand,2HAMMER,D6,D5,N,Y,5,strikeonehand 2HAMMER
463,3897.742,EXAMPLE,drop,2HAMMER,D6,D5,N,Y,5,drop 2HAMMER
464,3900.246,EXAMPLE,grasp,4KERNEL,D6,D5,N,Y,5,grasp 4KERNEL
465,3901.493,EXAMPLE,eat,4KERNEL,D6,D5,N,Y,5,eat 4KERNEL
466,3903.996,EXAMPLE,grasp,2HAMMER,D6,D5,N,Y,5,grasp 2HAMMER
467,3906.745,EXAMPLE,grasp,1NUT,D6,D5,N,Y,5,grasp 1NUT
468,3907.493,EXAMPLE,place,1NUT,D6,D5,N,Y,5,place 1NUT
469,3908.497,EXAMPLE,strikeonehand,2HAMMER,D6,D5,N,Y,5,strikeonehand 2HAMMER
470,3909.246,EXAMPLE,strikeonehand,2HAMMER,D6,D5,N,Y,5,strikeonehand 2HAMMER
471,3911.995,EXAMPLE,strikeonehand,2HAMMER,D6,D5,N,Y,5,strikeonehand 2HAMMER
472,3913.456,EXAMPLE,touchhand,1NUT,D6,D5,N,Y,5,touchhand 1NUT
473,3913.996,EXAMPLE,strikeonehand,2HAMMER,D6,D5,N,Y,5,strikeonehand 2HAMMER
474,3915.455,EXAMPLE,touchhand,1NUT,D6,D5,N,Y,5,touchhand 1NUT
475,3915.744,EXAMPLE,strikeonehand,2HAMMER,D6,D5,N,Y,5,strikeonehand 2HAMMER
476,3917.043,EXAMPLE,strikeonehand,2HAMMER,D6,D5,N,Y,5,strikeonehand 2HAMMER
477,3919.543,EXAMPLE,drop,2HAMMER,D6,D5,N,Y,5,drop 2HAMMER
478,3921.296,EXAMPLE,grasp,4KERNEL,D6,D5,N,Y,5,grasp 4KERNEL
479,3922.796,EXAMPLE,peelteeth,5SHELL,D6,D5,N,Y,5,peelteeth 5SHELL
480,3924.296,EXAMPLE,eat,4KERNEL,D6,D5,N,Y,5,eat 4KERNEL
481,3927.296,EXAMPLE,grasp,4KERNEL,D6,D5,N,Y,5,grasp 4KERNEL
482,3929.541,EXAMPLE,peelteeth,5SHELL,D6,D5,N,Y,5,peelteeth 5SHELL
483,3931.546,EXAMPLE,eat,4KERNEL,D6,D5,N,Y,5,eat 4KERNEL
484,3932.297,EXAMPLE,drop,5SHELL,D6,D5,N,Y,5,drop 5SHELL
485,3935.045,EXAMPLE,grasp,4KERNEL,D6,D5,N,Y,5,grasp 4KERNEL
486,3935.794,EXAMPLE,eat,4KERNEL,D6,D5,N,Y,5,eat 4KERNEL
487,3942.046,EXAMPLE,relocate,,D6,D5,N,Y,5,relocate 
488,4481.663,EXAMPLE,grasp,4KERNEL,C36,C43,N,Y,7,grasp 4KERNEL
489,4483.413,EXAMPLE,peelteeth,5SHELL,C36,C43,N,Y,7,peelteeth 5SHELL
490,4485.166,EXAMPLE,eat,4KERNEL,C36,C43,N,Y,7,eat 4KERNEL
491,4488.915,EXAMPLE,eat,4KERNEL,C36,C43,N,Y,7,eat 4KERNEL
492,4491.915,EXAMPLE,drop,5SHELL,C36,C43,N,Y,7,drop 5SHELL
493,4494.665,EXAMPLE,grasp,4KERNEL,C36,C43,N,Y,7,grasp 4KERNEL
494,4498.415,EXAMPLE,peelteeth,5SHELL,C36,C43,N,Y,7,peelteeth 5SHELL
495,4499.413,EXAMPLE,eat,4KERNEL,C36,C43,N,Y,7,eat 4KERNEL
496,4499.661,EXAMPLE,drop,5SHELL,C36,C43,N,Y,7,drop 5SHELL
497,4521.914,EXAMPLE,reorient,3ANVIL,C36,C43,N,Y,7,reorient 3ANVIL
498,4524.414,EXAMPLE,reorient,3ANVIL,C36,C43,N,Y,7,reorient 3ANVIL
499,4525.911,EXAMPLE,grasp,2HAMMER,C36,C43,N,Y,7,grasp 2HAMMER
500,4527.413,EXAMPLE,grasp,1NUT,C36,C43,N,Y,7,grasp 1NUT
501,4528.022,EXAMPLE,place,1NUT,C36,C43,N,Y,7,place 1NUT
502,4528.415,EXAMPLE,reorient,3ANVIL,C36,C43,N,Y,7,reorient 3ANVIL
503,4529.661,EXAMPLE,supportfoot,3ANVIL,C36,C43,N,Y,7,supportfoot 3ANVIL
504,4530.77,EXAMPLE,strikeonehand,2HAMMER,C36,C43,N,Y,7,strikeonehand 2HAMMER
505,4532.521,EXAMPLE,grasp,1NUT,C36,C43,N,Y,7,grasp 1NUT
506,4533.022,EXAMPLE,place,1NUT,C36,C43,N,Y,7,place 1NUT
507,4534.522,EXAMPLE,strikeonehand,2HAMMER,C36,C43,N,Y,7,strikeonehand 2HAMMER
508,4537.022,EXAMPLE,grasp,1NUT,C36,C43,N,Y,7,grasp 1NUT
509,4537.772,EXAMPLE,place,1NUT,C36,C43,N,Y,7,place 1NUT
510,4540.522,EXAMPLE,strikeonehand,2HAMMER,C36,C43,N,Y,7,strikeonehand 2HAMMER
511,4541.77,EXAMPLE,grasp,4KERNEL,C36,C43,N,Y,7,grasp 4KERNEL
512,4543.022,EXAMPLE,eat,4KERNEL,C36,C43,N,Y,7,eat 4KERNEL
513,4543.52,EXAMPLE,grasp,1NUT,C36,C43,N,Y,7,grasp 1NUT
514,4546.021,EXAMPLE,drop,1NUT,C36,C43,N,Y,7,drop 1NUT
515,4546.772,EXAMPLE,touchhand,1NUT,C36,C43,N,Y,7,touchhand 1NUT
516,4550.018,EXAMPLE,grasp,1NUT,C36,C43,N,Y,7,grasp 1NUT
517,4557.022,EXAMPLE,drop,1NUT,C36,C43,N,Y,7,drop 1NUT
518,4557.771,EXAMPLE,grasp,1NUT,C36,C43,N,Y,7,grasp 1NUT
519,4557.771,EXAMPLE,place,1NUT,C36,C43,N,Y,7,place 1NUT
520,4560.771,EXAMPLE,grasp,1NUT,C36,C43,N,Y,7,grasp 1NUT
521,4561.271,EXAMPLE,place,1NUT,C36,C43,N,Y,7,place 1NUT
522,4563.259,EXAMPLE,supportfoot,3ANVIL,C36,C43,N,Y,7,supportfoot 3ANVIL
523,4563.269,EXAMPLE,kick,3ANVIL,C36,C43,N,Y,7,kick 3ANVIL
524,4563.771,EXAMPLE,grasp,1NUT,C36,C43,N,Y,7,grasp 1NUT
525,4564.517,EXAMPLE,place,1NUT,C36,C43,N,Y,7,place 1NUT
526,4564.995,EXAMPLE,strikeonehand,2HAMMER,C36,C43,N,Y,7,strikeonehand 2HAMMER
527,4567.49,EXAMPLE,grasp,4KERNEL,C36,C43,N,Y,7,grasp 4KERNEL
528,4570.244,EXAMPLE,eat,4KERNEL,C36,C43,N,Y,7,eat 4KERNEL
529,4576.743,EXAMPLE,grasp,1NUT,C36,C43,N,Y,7,grasp 1NUT
530,4580.495,EXAMPLE,place,1NUT,C36,C43,N,Y,7,place 1NUT
531,4581.742,EXAMPLE,strikeonehand,2HAMMER,C36,C43,N,Y,7,strikeonehand 2HAMMER
532,4583.463,EXAMPLE,touchhand,3ANVIL,C36,C43,N,Y,7,touchhand 3ANVIL
533,4584.714,EXAMPLE,grasp,1NUT,C36,C43,N,Y,7,grasp 1NUT
534,4586.214,EXAMPLE,place,1NUT,C36,C43,N,Y,7,place 1NUT
535,4586.214,EXAMPLE,strikeonehand,2HAMMER,C36,C43,N,Y,7,strikeonehand 2HAMMER
536,4587.459,EXAMPLE,strikeonehand,2HAMMER,C36,C43,N,Y,7,strikeonehand 2HAMMER
537,4588.213,EXAMPLE,strikeonehand,2HAMMER,C36,C43,N,Y,7,strikeonehand 2HAMMER
538,4589.463,EXAMPLE,grasp,4KERNEL,C36,C43,N,Y,7,grasp 4KERNEL
539,4591.464,EXAMPLE,peelteeth,5SHELL,C36,C43,N,Y,7,peelteeth 5SHELL
540,4596.711,EXAMPLE,eat,4KERNEL,C36,C43,N,Y,7,eat 4KERNEL
541,4598.963,EXAMPLE,grasp,1NUT,C36,C43,N,Y,7,grasp 1NUT
542,4612.709,EXAMPLE,place,1NUT,C36,C43,N,Y,7,place 1NUT
543,4616.463,EXAMPLE,strikeonehand,2HAMMER,C36,C43,N,Y,7,strikeonehand 2HAMMER
544,4617.962,EXAMPLE,strikeonehand,2HAMMER,C36,C43,N,Y,7,strikeonehand 2HAMMER
545,4618.462,EXAMPLE,strikeonehand,2HAMMER,C36,C43,N,Y,7,strikeonehand 2HAMMER
546,4620.214,EXAMPLE,grasp,4KERNEL,C36,C43,N,Y,7,grasp 4KERNEL
547,4621.213,EXAMPLE,eat,4KERNEL,C36,C43,N,Y,7,eat 4KERNEL
548,4625.96,EXAMPLE,grasp,1NUT,C36,C43,N,Y,7,grasp 1NUT
549,4629.212,EXAMPLE,place,1NUT,C36,C43,N,Y,7,place 1NUT
550,4633.214,EXAMPLE,grasp,1NUT,C36,C43,N,Y,7,grasp 1NUT
551,4633.966,EXAMPLE,place,1NUT,C36,C43,N,Y,7,place 1NUT
552,4641.963,EXAMPLE,grasp,1NUT,C36,C43,N,Y,7,grasp 1NUT
553,4642.459,EXAMPLE,place,1NUT,C36,C43,N,Y,7,place 1NUT
554,4643.461,EXAMPLE,strikeonehand,2HAMMER,C36,C43,N,Y,7,strikeonehand 2HAMMER
555,4644.462,EXAMPLE,strikeonehand,2HAMMER,C36,C43,N,Y,7,strikeonehand 2HAMMER
556,4648.212,EXAMPLE,grasp,1NUT,C36,C43,N,Y,7,grasp 1NUT
557,4648.713,EXAMPLE,place,1NUT,C36,C43,N,Y,7,place 1NUT
558,4650.112,EXAMPLE,strikeonehand,2HAMMER,C36,C43,N,Y,7,strikeonehand 2HAMMER
559,4651.611,EXAMPLE,strikeonehand,2HAMMER,C36,C43,N,Y,7,strikeonehand 2HAMMER
560,4652.111,EXAMPLE,strikeonehand,2HAMMER,C36,C43,N,Y,7,strikeonehand 2HAMMER
561,4652.865,EXAMPLE,strikeonehand,2HAMMER,C36,C43,N,Y,7,strikeonehand 2HAMMER
562,4653.862,EXAMPLE,strikeonehand,2HAMMER,C36,C43,N,Y,7,strikeonehand 2HAMMER
563,4657.359,EXAMPLE,grasp,4KERNEL,C36,C43,N,Y,7,grasp 4KERNEL
564,4657.86,EXAMPLE,eat,4KERNEL,C36,C43,N,Y,7,eat 4KERNEL
565,4659.857,EXAMPLE,grasp,1NUT,C36,C43,N,Y,7,grasp 1NUT
566,4661.859,EXAMPLE,place,1NUT,C36,C43,N,Y,7,place 1NUT
567,4662.363,EXAMPLE,strikeonehand,2HAMMER,C36,C43,N,Y,7,strikeonehand 2HAMMER
568,4663.361,EXAMPLE,strikeonehand,2HAMMER,C36,C43,N,Y,7,strikeonehand 2HAMMER
569,4665.112,EXAMPLE,grasp,4KERNEL,C36,C43,N,Y,7,grasp 4KERNEL
570,4665.608,EXAMPLE,eat,4KERNEL,C36,C43,N,Y,7,eat 4KERNEL
571,4671.609,EXAMPLE,grasp,1NUT,C36,C43,N,Y,7,grasp 1NUT
572,4673.86,EXAMPLE,place,1NUT,C36,C43,N,Y,7,place 1NUT
573,4675.361,EXAMPLE,strikeonehand,2HAMMER,C36,C43,N,Y,7,strikeonehand 2HAMMER
574,4677.112,EXAMPLE,strikeonehand,2HAMMER,C36,C43,N,Y,7,strikeonehand 2HAMMER
575,4678.634,EXAMPLE,grasp,1NUT,C36,C43,N,Y,7,grasp 1NUT
576,4678.886,EXAMPLE,place,1NUT,C36,C43,N,Y,7,place 1NUT
577,4680.136,EXAMPLE,strikeonehand,2HAMMER,C36,C43,N,Y,7,strikeonehand 2HAMMER
578,4682.138,EXAMPLE,grasp,4KERNEL,C36,C43,N,Y,7,grasp 4KERNEL
579,4682.887,EXAMPLE,eat,4KERNEL,C36,C43,N,Y,7,eat 4KERNEL
580,4684.886,EXAMPLE,grasp,4KERNEL,C36,C43,N,Y,7,grasp 4KERNEL
581,4686.137,EXAMPLE,peelteeth,5SHELL,C36,C43,N,Y,7,peelteeth 5SHELL
582,4687.886,EXAMPLE,eat,4KERNEL,C36,C43,N,Y,7,eat 4KERNEL
583,4695.637,EXAMPLE,relocate,,C36,C43,N,Y,7,relocate 
584,4696.137,EXAMPLE,drop,2HAMMER,C36,C43,N,Y,7,drop 2HAMMER
585,2028.468,EXAMPLE,relocate,,C40,D7,N,N,NA,relocate 
586,2034.72,EXAMPLE,touchhand,3ANVIL,C40,D7,N,N,NA,touchhand 3ANVIL
587,2035.721,EXAMPLE,grasp,2HAMMER,C40,D7,N,N,NA,grasp 2HAMMER
588,2037.743,EXAMPLE,reorient,3ANVIL,C40,D7,N,N,NA,reorient 3ANVIL
589,2038.741,EXAMPLE,grasp,3ANVIL,C40,D7,N,N,NA,grasp 3ANVIL
590,2040.245,EXAMPLE,grasp,2HAMMER,C40,D7,N,N,NA,grasp 2HAMMER
591,2043.74,EXAMPLE,reorient,3ANVIL,C40,D7,N,N,NA,reorient 3ANVIL
592,2047.743,EXAMPLE,reorient,3ANVIL,C40,D7,N,N,NA,reorient 3ANVIL
593,2050.243,EXAMPLE,flip,3ANVIL,C40,D7,N,N,NA,flip 3ANVIL
594,2055.241,EXAMPLE,flip,3ANVIL,C40,D7,N,N,NA,flip 3ANVIL
595,2059.244,EXAMPLE,reorient,3ANVIL,C40,D7,N,N,NA,reorient 3ANVIL
596,2063.994,EXAMPLE,reorient,3ANVIL,C40,D7,N,N,NA,reorient 3ANVIL
597,2064.743,EXAMPLE,place,1NUT,C40,D7,N,N,NA,place 1NUT
598,2065.993,EXAMPLE,grasp,1NUT,C40,D7,N,N,NA,grasp 1NUT
599,2066.494,EXAMPLE,place,1NUT,C40,D7,N,N,NA,place 1NUT
600,2072.744,EXAMPLE,strikeonehand,2HAMMER,C40,D7,N,N,NA,strikeonehand 2HAMMER
601,2073.494,EXAMPLE,drop,2HAMMER,C40,D7,N,N,NA,drop 2HAMMER
602,2073.743,EXAMPLE,grasp,3ANVIL,C40,D7,N,N,NA,grasp 3ANVIL
603,2076.241,EXAMPLE,place,3ANVIL,C40,D7,N,N,NA,place 3ANVIL
604,2078.994,EXAMPLE,pushhand,3ANVIL,C40,D7,N,N,NA,pushhand 3ANVIL
605,2080.741,EXAMPLE,grasp,2HAMMER,C40,D7,N,N,NA,grasp 2HAMMER
606,2081.742,EXAMPLE,place,2HAMMER,C40,D7,N,N,NA,place 2HAMMER
607,2084.995,EXAMPLE,grasp,1NUT,C40,D7,N,N,NA,grasp 1NUT
608,2085.496,EXAMPLE,place,1NUT,C40,D7,N,N,NA,place 1NUT
609,2088.497,EXAMPLE,grasp,1NUT,C40,D7,N,N,NA,grasp 1NUT
610,2089.99,EXAMPLE,supportfoot,3ANVIL,C40,D7,N,N,NA,supportfoot 3ANVIL
611,2090.743,EXAMPLE,place,1NUT,C40,D7,N,N,NA,place 1NUT
612,2106.746,EXAMPLE,grasp,2HAMMER,C40,D7,N,Y,2,grasp 2HAMMER
613,2107.746,EXAMPLE,place,2HAMMER,C40,D7,N,Y,2,place 2HAMMER
614,2110.245,EXAMPLE,grasp,4KERNEL,C40,D7,N,Y,2,grasp 4KERNEL
615,2111.745,EXAMPLE,peelteeth,5SHELL,C40,D7,N,Y,2,peelteeth 5SHELL
616,2112.993,EXAMPLE,eat,4KERNEL,C40,D7,N,Y,2,eat 4KERNEL
617,2115.24,EXAMPLE,place,4KERNEL,C40,D7,N,Y,2,place 4KERNEL
618,2115.495,EXAMPLE,strikeonehand,2HAMMER,C40,D7,N,Y,2,strikeonehand 2HAMMER
619,2116.993,EXAMPLE,grasp,4KERNEL,C40,D7,N,Y,2,grasp 4KERNEL
620,2118.742,EXAMPLE,eat,4KERNEL,C40,D7,N,Y,2,eat 4KERNEL
621,2126.997,EXAMPLE,touchhand,1NUT,C40,D7,N,Y,2,touchhand 1NUT
622,2128.496,EXAMPLE,touchhand,5SHELL,C40,D7,N,Y,2,touchhand 5SHELL
623,2129.494,EXAMPLE,grasp,1NUT,C40,D7,N,Y,2,grasp 1NUT
624,2130.495,EXAMPLE,place,1NUT,C40,D7,N,Y,2,place 1NUT
625,2130.993,EXAMPLE,grasp,1NUT,C40,D7,N,Y,2,grasp 1NUT
626,2131.492,EXAMPLE,place,1NUT,C40,D7,N,Y,2,place 1NUT
627,2131.593,EXAMPLE,supportfoot,3ANVIL,C40,D7,N,Y,2,supportfoot 3ANVIL
628,2132.494,EXAMPLE,strikeonehand,2HAMMER,C40,D7,N,Y,2,strikeonehand 2HAMMER
629,2133.093,EXAMPLE,strikeonehand,2HAMMER,C40,D7,N,Y,2,strikeonehand 2HAMMER
630,2134.593,EXAMPLE,touchhand,1NUT,C40,D7,N,Y,2,touchhand 1NUT
631,2136.093,EXAMPLE,touchhand,1NUT,C40,D7,N,Y,2,touchhand 1NUT
632,2137.092,EXAMPLE,grasp,1NUT,C40,D7,N,Y,2,grasp 1NUT
633,2139.344,EXAMPLE,place,1NUT,C40,D7,N,Y,2,place 1NUT
634,2141.431,EXAMPLE,drop,2HAMMER,C40,D7,N,Y,2,drop 2HAMMER
635,2143.185,EXAMPLE,grasp,3ANVIL,D5,C40,N,Y,2,grasp 3ANVIL
636,2144.026,EXAMPLE,place,1NUT,D5,C40,N,Y,2,place 1NUT
637,2145.276,EXAMPLE,strikeonehand,2HAMMER,D5,C40,N,Y,2,strikeonehand 2HAMMER
638,2147.027,EXAMPLE,grasp,1NUT,D5,C40,N,Y,2,grasp 1NUT
639,2148.028,EXAMPLE,place,1NUT,D5,C40,N,Y,2,place 1NUT
640,2151.025,EXAMPLE,drop,2HAMMER,D5,C40,N,Y,2,drop 2HAMMER
641,2151.276,EXAMPLE,grasp,1NUT,D5,C40,N,Y,2,grasp 1NUT
642,2152.528,EXAMPLE,place,1NUT,D5,C40,N,Y,2,place 1NUT
643,2157.277,EXAMPLE,strikeonehand,2HAMMER,D5,C40,N,Y,2,strikeonehand 2HAMMER
644,2158.274,EXAMPLE,strikeonehand,2HAMMER,D5,C40,N,Y,2,strikeonehand 2HAMMER
645,2159.028,EXAMPLE,strikeonehand,2HAMMER,D5,C40,N,Y,2,strikeonehand 2HAMMER
646,2160.528,EXAMPLE,strikeonehand,2HAMMER,D5,C40,N,Y,2,strikeonehand 2HAMMER
647,2161.276,EXAMPLE,strikeonehand,2HAMMER,D5,C40,N,Y,2,strikeonehand 2HAMMER
648,2164.027,EXAMPLE,strikeonehand,2HAMMER,D5,C40,N,Y,2,strikeonehand 2HAMMER
649,2165.21,EXAMPLE,touchhand,1NUT,D5,C40,N,Y,2,touchhand 1NUT
650,2166.459,EXAMPLE,grasp,1NUT,D5,C40,N,Y,2,grasp 1NUT
651,2167.959,EXAMPLE,flip,3ANVIL,D5,C40,N,Y,2,flip 3ANVIL
652,2169.548,EXAMPLE,place,1NUT,D5,C40,N,Y,2,place 1NUT
653,2172.051,EXAMPLE,flip,3ANVIL,D5,C40,N,Y,2,flip 3ANVIL
654,2174.801,EXAMPLE,supportfoot,3ANVIL,D5,C40,N,Y,2,supportfoot 3ANVIL
655,2175.548,EXAMPLE,grasp,1NUT,D5,C40,N,Y,2,grasp 1NUT
656,2175.801,EXAMPLE,place,1NUT,D5,C40,N,Y,2,place 1NUT
657,2177.551,EXAMPLE,grasp,1NUT,D5,C40,N,Y,2,grasp 1NUT
658,2180.55,EXAMPLE,place,1NUT,D5,C40,N,Y,2,place 1NUT
659,2181.303,EXAMPLE,strikeonehand,2HAMMER,D5,C40,N,Y,2,strikeonehand 2HAMMER
660,2182.056,EXAMPLE,strikeonehand,2HAMMER,D5,C40,N,Y,2,strikeonehand 2HAMMER
661,2183.8,EXAMPLE,grasp,1NUT,D5,C40,N,Y,2,grasp 1NUT
662,2184.302,EXAMPLE,place,1NUT,D5,C40,N,Y,2,place 1NUT
663,2185.555,EXAMPLE,grasp,1NUT,D5,C40,N,Y,2,grasp 1NUT
664,2186.548,EXAMPLE,place,1NUT,D5,C40,N,Y,2,place 1NUT
665,2190.802,EXAMPLE,touchhand,1NUT,D5,C40,N,Y,2,touchhand 1NUT
666,2192.052,EXAMPLE,grasp,1NUT,D5,C40,N,Y,2,grasp 1NUT
667,2194.825,EXAMPLE,place,1NUT,D5,C40,N,Y,2,place 1NUT
668,2196.077,EXAMPLE,grasp,1NUT,D5,C40,N,Y,2,grasp 1NUT
669,2196.801,EXAMPLE,flip,3ANVIL,D5,C40,N,Y,2,flip 3ANVIL
670,2197.827,EXAMPLE,place,1NUT,D5,C40,N,Y,2,place 1NUT
671,2199.823,EXAMPLE,grasp,1NUT,D5,C40,N,Y,2,grasp 1NUT
672,2201.551,EXAMPLE,flip,3ANVIL,D5,C40,N,Y,2,flip 3ANVIL
673,2202.579,EXAMPLE,place,1NUT,D5,C40,N,Y,2,place 1NUT
674,2204.077,EXAMPLE,strikeonehand,2HAMMER,D5,C40,N,Y,2,strikeonehand 2HAMMER
675,2205.825,EXAMPLE,grasp,1NUT,D5,C40,N,Y,2,grasp 1NUT
676,2205.825,EXAMPLE,place,1NUT,D5,C40,N,Y,2,place 1NUT
677,2207.823,EXAMPLE,drop,2HAMMER,D5,C40,N,Y,2,drop 2HAMMER
678,2209.828,EXAMPLE,touchhand,2HAMMER,D5,C40,N,Y,2,touchhand 2HAMMER
679,2210.825,EXAMPLE,grasp,3ANVIL,C40,D5,N,Y,2,grasp 3ANVIL
680,2211.826,EXAMPLE,place,3ANVIL,C40,D5,N,Y,2,place 3ANVIL
681,2214.008,EXAMPLE,place,1NUT,C40,D5,N,Y,2,place 1NUT
682,2215.507,EXAMPLE,grasp,1NUT,C40,D5,N,Y,2,grasp 1NUT
683,2216.759,EXAMPLE,place,1NUT,C40,D5,N,Y,2,place 1NUT
684,2219.26,EXAMPLE,strikeonehand,2HAMMER,C40,D5,N,Y,2,strikeonehand 2HAMMER
685,2222.759,EXAMPLE,drop,2HAMMER,C40,D5,N,Y,2,drop 2HAMMER
686,2223.76,EXAMPLE,touchhand,3ANVIL,C40,D5,N,Y,2,touchhand 3ANVIL
687,2225.76,EXAMPLE,grasp,3ANVIL,C40,D5,N,Y,2,grasp 3ANVIL
688,2226.261,EXAMPLE,place,2HAMMER,D5,C40,N,Y,2,place 2HAMMER
689,2227.193,EXAMPLE,grasp,1NUT,D5,C40,N,Y,2,grasp 1NUT
690,2228.441,EXAMPLE,flip,3ANVIL,D5,C40,N,Y,2,flip 3ANVIL
691,2234.19,EXAMPLE,place,1NUT,D5,C40,N,Y,2,place 1NUT
692,2235.441,EXAMPLE,strikeonehand,2HAMMER,D5,C40,N,Y,2,strikeonehand 2HAMMER
693,2238.694,EXAMPLE,touchhand,3ANVIL,D5,C40,N,Y,2,touchhand 3ANVIL
694,2239.442,EXAMPLE,place,1NUT,D5,C40,N,Y,2,place 1NUT
695,2240.192,EXAMPLE,strikeonehand,2HAMMER,D5,C40,N,Y,2,strikeonehand 2HAMMER
696,2241.189,EXAMPLE,grasp,1NUT,D5,C40,N,Y,2,grasp 1NUT
697,2242.194,EXAMPLE,place,1NUT,D5,C40,N,Y,2,place 1NUT
698,2242.444,EXAMPLE,strikeonehand,2HAMMER,D5,C40,N,Y,2,strikeonehand 2HAMMER
699,2243.444,EXAMPLE,strikeonehand,2HAMMER,D5,C40,N,Y,2,strikeonehand 2HAMMER
700,2245.943,EXAMPLE,grasp,1NUT,D5,C40,N,Y,2,grasp 1NUT
701,2248.193,EXAMPLE,peelteeth,5SHELL,D5,C40,N,Y,2,peelteeth 5SHELL
702,2248.694,EXAMPLE,eat,4KERNEL,D5,C40,N,Y,2,eat 4KERNEL
703,2251.195,EXAMPLE,peelteeth,5SHELL,D5,C40,N,Y,2,peelteeth 5SHELL
704,2253.444,EXAMPLE,place,4KERNEL,D5,C40,N,Y,2,place 4KERNEL
705,2255.19,EXAMPLE,strikeonehand,2HAMMER,D5,C40,N,Y,2,strikeonehand 2HAMMER
706,2259.943,EXAMPLE,grasp,4KERNEL,D5,C40,N,Y,2,grasp 4KERNEL
707,2262.443,EXAMPLE,peelteeth,5SHELL,D5,C40,N,Y,2,peelteeth 5SHELL
708,2263.194,EXAMPLE,eat,4KERNEL,D5,C40,N,Y,2,eat 4KERNEL
709,2264.692,EXAMPLE,peelteeth,5SHELL,D5,C40,N,Y,2,peelteeth 5SHELL
710,2266.44,EXAMPLE,drop,5SHELL,D5,C40,N,Y,2,drop 5SHELL
711,2267.444,EXAMPLE,eat,4KERNEL,D5,C40,N,Y,2,eat 4KERNEL
712,2267.693,EXAMPLE,grasp,4KERNEL,D5,C40,N,Y,2,grasp 4KERNEL
713,2271.442,EXAMPLE,eat,4KERNEL,D5,C40,N,Y,2,eat 4KERNEL
714,2272.694,EXAMPLE,drop,5SHELL,D5,C40,N,Y,2,drop 5SHELL
715,2273.693,EXAMPLE,grasp,4KERNEL,D5,C40,N,Y,2,grasp 4KERNEL
716,2274.194,EXAMPLE,eat,4KERNEL,D5,C40,N,Y,2,eat 4KERNEL
717,2278.191,EXAMPLE,grasp,4KERNEL,D5,C40,N,Y,2,grasp 4KERNEL
718,2278.441,EXAMPLE,place,4KERNEL,D5,C40,N,Y,2,place 4KERNEL
719,2278.95,EXAMPLE,strikeonehand,2HAMMER,D5,C40,N,Y,2,strikeonehand 2HAMMER
720,2280.742,EXAMPLE,strikeonehand,2HAMMER,D5,C40,N,Y,2,strikeonehand 2HAMMER
721,2281.492,EXAMPLE,grasp,4KERNEL,D5,C40,N,Y,2,grasp 4KERNEL
722,2282.743,EXAMPLE,peelteeth,5SHELL,D5,C40,N,Y,2,peelteeth 5SHELL
723,2286.24,EXAMPLE,eat,4KERNEL,D5,C40,N,Y,2,eat 4KERNEL
724,2291.244,EXAMPLE,peelteeth,5SHELL,D5,C40,N,Y,2,peelteeth 5SHELL
725,2291.994,EXAMPLE,eat,4KERNEL,D5,C40,N,Y,2,eat 4KERNEL
726,2296.242,EXAMPLE,peelteeth,5SHELL,D5,C40,N,Y,2,peelteeth 5SHELL
727,2296.741,EXAMPLE,eat,4KERNEL,D5,C40,N,Y,2,eat 4KERNEL
728,2297.492,EXAMPLE,drop,5SHELL,D5,C40,N,Y,2,drop 5SHELL
729,2299.243,EXAMPLE,grasp,4KERNEL,D5,C40,N,Y,2,grasp 4KERNEL
730,2300.993,EXAMPLE,peelteeth,5SHELL,D5,C40,N,Y,2,peelteeth 5SHELL
731,2302.993,EXAMPLE,peelteeth,5SHELL,D5,C40,N,Y,2,peelteeth 5SHELL
732,2304.739,EXAMPLE,eat,4KERNEL,D5,C40,N,Y,2,eat 4KERNEL
733,2305.492,EXAMPLE,grasp,1NUT,D5,C40,N,Y,2,grasp 1NUT
734,2306.245,EXAMPLE,place,1NUT,D5,C40,N,Y,2,place 1NUT
735,2307.246,EXAMPLE,strikeonehand,2HAMMER,D5,C40,N,Y,2,strikeonehand 2HAMMER
736,2308.743,EXAMPLE,grasp,1NUT,D5,C40,N,Y,2,grasp 1NUT
737,2309.494,EXAMPLE,place,1NUT,D5,C40,N,Y,2,place 1NUT
738,2310.494,EXAMPLE,grasp,1NUT,D5,C40,N,Y,2,grasp 1NUT
739,2310.993,EXAMPLE,place,1NUT,D5,C40,N,Y,2,place 1NUT
740,2315.991,EXAMPLE,reorient,3ANVIL,D5,C40,N,Y,2,reorient 3ANVIL
741,2317.992,EXAMPLE,supportfoot,3ANVIL,D5,C40,N,Y,2,supportfoot 3ANVIL
742,2318.994,EXAMPLE,touchhand,3ANVIL,D5,C40,N,Y,2,touchhand 3ANVIL
743,2319.74,EXAMPLE,flip,3ANVIL,D5,C40,N,Y,2,flip 3ANVIL
744,2321.239,EXAMPLE,place,1NUT,D5,C40,N,Y,2,place 1NUT
745,2322.244,EXAMPLE,grasp,1NUT,D5,C40,N,Y,2,grasp 1NUT
746,2323.243,EXAMPLE,place,1NUT,D5,C40,N,Y,2,place 1NUT
747,2324.493,EXAMPLE,strikeonehand,2HAMMER,D5,C40,N,Y,2,strikeonehand 2HAMMER
748,2327.992,EXAMPLE,touchhand,1NUT,D5,C40,N,Y,2,touchhand 1NUT
749,2328.491,EXAMPLE,grasp,1NUT,D5,C40,N,Y,2,grasp 1NUT
750,2328.995,EXAMPLE,place,1NUT,D5,C40,N,Y,2,place 1NUT
751,2334.243,EXAMPLE,reorient,3ANVIL,D5,C40,N,Y,2,reorient 3ANVIL
752,2335.492,EXAMPLE,place,1NUT,D5,C40,N,Y,2,place 1NUT
753,2339.744,EXAMPLE,grasp,1NUT,D5,C40,N,Y,2,grasp 1NUT
754,2340.243,EXAMPLE,place,1NUT,D5,C40,N,Y,2,place 1NUT
755,2342.744,EXAMPLE,reorient,3ANVIL,D5,C40,N,Y,2,reorient 3ANVIL
756,2347.243,EXAMPLE,place,1NUT,D5,C40,N,Y,2,place 1NUT
757,2347.991,EXAMPLE,grasp,1NUT,D5,C40,N,Y,2,grasp 1NUT
758,2348.245,EXAMPLE,place,1NUT,D5,C40,N,Y,2,place 1NUT
759,2351.239,EXAMPLE,grasp,1NUT,D5,C40,N,Y,2,grasp 1NUT
760,2351.744,EXAMPLE,place,1NUT,D5,C40,N,Y,2,place 1NUT
761,2354.992,EXAMPLE,grasp,2HAMMER,D5,C40,N,Y,2,grasp 2HAMMER
762,2355.742,EXAMPLE,strikeonehand,2HAMMER,D5,C40,N,Y,2,strikeonehand 2HAMMER
763,2356.241,EXAMPLE,strikeonehand,2HAMMER,D5,C40,N,Y,2,strikeonehand 2HAMMER
764,2358.744,EXAMPLE,grasp,1NUT,D5,C40,N,Y,2,grasp 1NUT
765,2360.497,EXAMPLE,place,1NUT,D5,C40,N,Y,2,place 1NUT
766,2361.992,EXAMPLE,grasp,1NUT,D5,C40,N,Y,2,grasp 1NUT
767,2362.492,EXAMPLE,place,1NUT,D5,C40,N,Y,2,place 1NUT
768,2366.243,EXAMPLE,grasp,2HAMMER,C40,D5,N,Y,2,grasp 2HAMMER
769,2367.242,EXAMPLE,place,2HAMMER,C40,D5,N,Y,2,place 2HAMMER
770,2367.493,EXAMPLE,reorient,3ANVIL,C40,D5,N,Y,2,reorient 3ANVIL
771,2369.494,EXAMPLE,place,1NUT,C40,D5,N,Y,2,place 1NUT
772,2370.503,EXAMPLE,touchhand,1NUT,C40,D5,N,Y,2,touchhand 1NUT
773,2372.001,EXAMPLE,touchhand,1NUT,C40,D5,N,Y,2,touchhand 1NUT
774,2373.751,EXAMPLE,touchhand,1NUT,C40,D5,N,Y,2,touchhand 1NUT
775,2374.752,EXAMPLE,touchhand,1NUT,C40,D5,N,Y,2,touchhand 1NUT
776,2374.998,EXAMPLE,supportfoot,3ANVIL,C40,D5,N,Y,2,supportfoot 3ANVIL
777,2376.247,EXAMPLE,grasp,1NUT,C40,D5,N,Y,2,grasp 1NUT
778,2377.254,EXAMPLE,place,1NUT,C40,D5,N,Y,2,place 1NUT
779,2378.75,EXAMPLE,touchhand,1NUT,C40,D5,N,Y,2,touchhand 1NUT
780,2379.25,EXAMPLE,touchhand,1NUT,C40,D5,N,Y,2,touchhand 1NUT
781,2381.25,EXAMPLE,strikeonehand,2HAMMER,C40,D5,N,Y,2,strikeonehand 2HAMMER
782,2384.001,EXAMPLE,grasp,1NUT,C40,D5,N,Y,2,grasp 1NUT
783,2389.002,EXAMPLE,grasp,2HAMMER,C40,D5,N,Y,2,grasp 2HAMMER
784,2395.505,EXAMPLE,relocate,,D5,D6,N,Y,2,relocate 
785,2411.499,EXAMPLE,touchhand,3ANVIL,D5,D6,N,Y,2,touchhand 3ANVIL
786,2411.997,EXAMPLE,place,1NUT,D5,D6,N,Y,2,place 1NUT
787,2413.501,EXAMPLE,supportfoot,3ANVIL,D5,D6,N,Y,2,supportfoot 3ANVIL
788,2415.251,EXAMPLE,strikeonehand,2HAMMER,D5,D6,N,Y,2,strikeonehand 2HAMMER
789,2417.001,EXAMPLE,grasp,1NUT,D5,D6,N,Y,2,grasp 1NUT
790,2419.751,EXAMPLE,reorient,3ANVIL,D5,D6,N,Y,2,reorient 3ANVIL
791,2420.75,EXAMPLE,place,1NUT,D5,D6,N,Y,2,place 1NUT
792,2424.502,EXAMPLE,drop,2HAMMER,D5,D6,N,Y,2,drop 2HAMMER
793,2427.25,EXAMPLE,grasp,3ANVIL,D5,D6,N,Y,2,grasp 3ANVIL
794,2427.752,EXAMPLE,strikeonehand,2HAMMER,D5,D6,N,Y,2,strikeonehand 2HAMMER
795,3401.913,EXAMPLE,peelteeth,5SHELL,NA,NA,N,Y,1,peelteeth 5SHELL
796,3405.163,EXAMPLE,eat,4KERNEL,NA,NA,N,Y,1,eat 4KERNEL
797,3409.414,EXAMPLE,drop,5SHELL,NA,NA,N,Y,1,drop 5SHELL
798,3410.913,EXAMPLE,grasp,1NUT,NA,NA,N,Y,1,grasp 1NUT
799,3411.16,EXAMPLE,place,1NUT,NA,NA,N,Y,1,place 1NUT
800,3414.164,EXAMPLE,strikeonehand,2HAMMER,NA,NA,N,Y,1,strikeonehand 2HAMMER
801,3415.16,EXAMPLE,strikeonehand,2HAMMER,NA,NA,N,Y,1,strikeonehand 2HAMMER
802,3419.165,EXAMPLE,grasp,4KERNEL,NA,NA,N,Y,1,grasp 4KERNEL
803,3419.663,EXAMPLE,eat,4KERNEL,NA,NA,N,Y,1,eat 4KERNEL
804,3423.665,EXAMPLE,place,1NUT,NA,NA,N,Y,1,place 1NUT
805,3424.415,EXAMPLE,strikeonehand,2HAMMER,NA,NA,N,Y,1,strikeonehand 2HAMMER
806,3424.663,EXAMPLE,strikeonehand,2HAMMER,NA,NA,N,Y,1,strikeonehand 2HAMMER
807,3425.166,EXAMPLE,strikeonehand,2HAMMER,NA,NA,N,Y,1,strikeonehand 2HAMMER
808,3425.666,EXAMPLE,strikeonehand,2HAMMER,NA,NA,N,Y,1,strikeonehand 2HAMMER
809,3427.41,EXAMPLE,strikeonehand,2HAMMER,NA,NA,N,Y,1,strikeonehand 2HAMMER
810,3429.663,EXAMPLE,strikeonehand,2HAMMER,NA,NA,N,Y,1,strikeonehand 2HAMMER
811,3429.663,EXAMPLE,touchhand,1NUT,NA,NA,N,Y,1,touchhand 1NUT
812,3430.91,EXAMPLE,strikeonehand,2HAMMER,NA,NA,N,Y,1,strikeonehand 2HAMMER
813,3434.163,EXAMPLE,strikeonehand,2HAMMER,NA,NA,N,Y,1,strikeonehand 2HAMMER
814,3437.66,EXAMPLE,grasp,4KERNEL,NA,NA,N,Y,1,grasp 4KERNEL
815,3437.915,EXAMPLE,eat,4KERNEL,NA,NA,N,Y,1,eat 4KERNEL
816,3439.162,EXAMPLE,grasp,4KERNEL,NA,NA,N,Y,1,grasp 4KERNEL
817,3439.413,EXAMPLE,eat,4KERNEL,NA,NA,N,Y,1,eat 4KERNEL
818,3443.916,EXAMPLE,grasp,4KERNEL,NA,NA,N,Y,1,grasp 4KERNEL
819,3444.412,EXAMPLE,eat,4KERNEL,NA,NA,N,Y,1,eat 4KERNEL
820,3451.916,EXAMPLE,grasp,4KERNEL,NA,NA,N,Y,1,grasp 4KERNEL
821,3452.665,EXAMPLE,eat,4KERNEL,NA,NA,N,Y,1,eat 4KERNEL
822,3457.917,EXAMPLE,grasp,4KERNEL,NA,NA,N,Y,1,grasp 4KERNEL
823,3458.414,EXAMPLE,eat,4KERNEL,NA,NA,N,Y,1,eat 4KERNEL
824,516.284,EXAMPLE,touchhand,2HAMMER,2,34,N,N,NA,touchhand 2HAMMER
825,519.784,EXAMPLE,grasp,2HAMMER,2,34,N,N,NA,grasp 2HAMMER
826,523.531,EXAMPLE,grasp,3ANVIL,2,34,N,N,NA,grasp 3ANVIL
827,529.284,EXAMPLE,place,1NUT,2,34,N,N,NA,place 1NUT
828,534.035,EXAMPLE,strikeonehand,2HAMMER,2,34,N,N,NA,strikeonehand 2HAMMER
829,534.783,EXAMPLE,strikeonehand,2HAMMER,2,34,N,N,NA,strikeonehand 2HAMMER
830,535.784,EXAMPLE,strikeonehand,2HAMMER,2,34,N,N,NA,strikeonehand 2HAMMER
831,536.784,EXAMPLE,strikeonehand,2HAMMER,2,34,N,N,NA,strikeonehand 2HAMMER
832,537.533,EXAMPLE,strikeonehand,2HAMMER,2,34,N,N,NA,strikeonehand 2HAMMER
833,538.533,EXAMPLE,strikeonehand,2HAMMER,2,34,N,N,NA,strikeonehand 2HAMMER
834,539.038,EXAMPLE,strikeonehand,2HAMMER,2,34,N,N,NA,strikeonehand 2HAMMER
835,540.283,EXAMPLE,strikeonehand,2HAMMER,2,34,N,N,NA,strikeonehand 2HAMMER
836,541.283,EXAMPLE,strikeonehand,2HAMMER,2,34,N,N,NA,strikeonehand 2HAMMER
837,542.781,EXAMPLE,strikeonehand,2HAMMER,2,34,N,N,NA,strikeonehand 2HAMMER
838,543.535,EXAMPLE,strikeonehand,2HAMMER,2,34,N,N,NA,strikeonehand 2HAMMER
839,545.031,EXAMPLE,grasp,1NUT,2,34,N,N,NA,grasp 1NUT
840,547.283,EXAMPLE,grasp,3ANVIL,2,34,N,N,NA,grasp 3ANVIL
841,548.034,EXAMPLE,relocate,,2,34,N,N,NA,relocate 
842,557.531,EXAMPLE,drop,3ANVIL,2,34,N,N,NA,drop 3ANVIL
843,558.032,EXAMPLE,flip,3ANVIL,2,34,N,N,NA,flip 3ANVIL
844,558.532,EXAMPLE,place,1NUT,2,34,N,N,NA,place 1NUT
845,561.782,EXAMPLE,grasp,1NUT,2,34,N,N,NA,grasp 1NUT
846,563.031,EXAMPLE,place,1NUT,2,34,N,N,NA,place 1NUT
847,581.435,EXAMPLE,flip,3ANVIL,2,34,N,Y,9,flip 3ANVIL
848,583.681,EXAMPLE,grasp,1NUT,2,34,N,Y,9,grasp 1NUT
849,584.182,EXAMPLE,place,1NUT,2,34,N,Y,9,place 1NUT
850,585.935,EXAMPLE,grasp,1NUT,2,34,N,Y,9,grasp 1NUT
851,586.934,EXAMPLE,place,1NUT,2,34,N,Y,9,place 1NUT
852,591.435,EXAMPLE,strikeonehand,2HAMMER,2,34,N,Y,9,strikeonehand 2HAMMER
853,592.685,EXAMPLE,strikeonehand,2HAMMER,2,34,N,Y,9,strikeonehand 2HAMMER
854,593.433,EXAMPLE,strikeonehand,2HAMMER,2,34,N,Y,9,strikeonehand 2HAMMER
855,596.937,EXAMPLE,grasp,4KERNEL,2,34,N,Y,9,grasp 4KERNEL
856,598.942,EXAMPLE,eat,4KERNEL,2,34,N,Y,9,eat 4KERNEL
857,608.684,EXAMPLE,drop,5SHELL,2,34,N,Y,9,drop 5SHELL
858,610.187,EXAMPLE,grasp,4KERNEL,2,34,N,Y,9,grasp 4KERNEL
859,612.435,EXAMPLE,eat,4KERNEL,2,34,N,Y,9,eat 4KERNEL
860,626.432,EXAMPLE,peelteeth,5SHELL,2,34,N,Y,9,peelteeth 5SHELL
861,628.435,EXAMPLE,eat,4KERNEL,2,34,N,Y,9,eat 4KERNEL
862,631.683,EXAMPLE,grasp,4KERNEL,2,34,N,Y,9,grasp 4KERNEL
863,631.933,EXAMPLE,eat,4KERNEL,2,34,N,Y,9,eat 4KERNEL
864,631.933,EXAMPLE,grasp,4KERNEL,2,34,N,Y,9,grasp 4KERNEL
865,632.936,EXAMPLE,eat,4KERNEL,2,34,N,Y,9,eat 4KERNEL
866,635.184,EXAMPLE,grasp,4KERNEL,2,34,N,Y,9,grasp 4KERNEL
867,635.433,EXAMPLE,eat,4KERNEL,2,34,N,Y,9,eat 4KERNEL
868,640.182,EXAMPLE,grasp,1NUT,2,34,N,Y,9,grasp 1NUT
869,640.182,EXAMPLE,place,1NUT,2,34,N,Y,9,place 1NUT
870,642.686,EXAMPLE,strikeonehand,2HAMMER,2,34,N,Y,9,strikeonehand 2HAMMER
871,643.933,EXAMPLE,strikeonehand,2HAMMER,2,34,N,Y,9,strikeonehand 2HAMMER
872,646.184,EXAMPLE,touchhand,4KERNEL,2,34,N,Y,9,touchhand 4KERNEL
873,647.935,EXAMPLE,grasp,4KERNEL,2,34,N,Y,9,grasp 4KERNEL
874,648.432,EXAMPLE,eat,4KERNEL,2,34,N,Y,9,eat 4KERNEL
875,672.185,EXAMPLE,grasp,1NUT,2,34,N,Y,9,grasp 1NUT
876,672.432,EXAMPLE,place,1NUT,2,34,N,Y,9,place 1NUT
877,672.935,EXAMPLE,strikeonehand,2HAMMER,2,34,N,Y,9,strikeonehand 2HAMMER
878,673.686,EXAMPLE,strikeonehand,2HAMMER,2,34,N,Y,9,strikeonehand 2HAMMER
879,674.436,EXAMPLE,strikeonehand,2HAMMER,2,34,N,Y,9,strikeonehand 2HAMMER
880,676.686,EXAMPLE,grasp,4KERNEL,2,34,N,Y,9,grasp 4KERNEL
881,677.685,EXAMPLE,eat,4KERNEL,2,34,N,Y,9,eat 4KERNEL
882,697.183,EXAMPLE,grasp,1NUT,2,34,N,Y,9,grasp 1NUT
883,697.935,EXAMPLE,place,1NUT,2,34,N,Y,9,place 1NUT
884,698.184,EXAMPLE,strikeonehand,2HAMMER,2,34,N,Y,9,strikeonehand 2HAMMER
885,699.185,EXAMPLE,strikeonehand,2HAMMER,2,34,N,Y,9,strikeonehand 2HAMMER
886,702.437,EXAMPLE,grasp,4KERNEL,2,34,N,Y,9,grasp 4KERNEL
887,702.935,EXAMPLE,eat,4KERNEL,2,34,N,Y,9,eat 4KERNEL
888,715.933,EXAMPLE,grasp,4KERNEL,2,34,N,Y,9,grasp 4KERNEL
889,716.181,EXAMPLE,eat,4KERNEL,2,34,N,Y,9,eat 4KERNEL
890,723.433,EXAMPLE,grasp,1NUT,2,34,N,Y,9,grasp 1NUT
891,723.937,EXAMPLE,place,1NUT,2,34,N,Y,9,place 1NUT
892,724.186,EXAMPLE,strikeonehand,2HAMMER,2,34,N,Y,9,strikeonehand 2HAMMER
893,725.433,EXAMPLE,strikeonehand,2HAMMER,2,34,N,Y,9,strikeonehand 2HAMMER
894,726.437,EXAMPLE,strikeonehand,2HAMMER,2,34,N,Y,9,strikeonehand 2HAMMER
895,727.187,EXAMPLE,strikeonehand,2HAMMER,2,34,N,Y,9,strikeonehand 2HAMMER
896,728.436,EXAMPLE,strikeonehand,2HAMMER,2,34,N,Y,9,strikeonehand 2HAMMER
897,730.94,EXAMPLE,grasp,4KERNEL,2,34,N,Y,9,grasp 4KERNEL
898,732.184,EXAMPLE,eat,4KERNEL,2,34,N,Y,9,eat 4KERNEL
899,749.185,EXAMPLE,grasp,1NUT,2,34,N,Y,9,grasp 1NUT
900,749.681,EXAMPLE,place,1NUT,2,34,N,Y,9,place 1NUT
901,749.932,EXAMPLE,strikeonehand,2HAMMER,2,34,N,Y,9,strikeonehand 2HAMMER
902,767.185,EXAMPLE,grasp,1NUT,2,34,N,Y,9,grasp 1NUT
903,767.434,EXAMPLE,place,1NUT,2,34,N,Y,9,place 1NUT
904,767.681,EXAMPLE,strikeonehand,2HAMMER,2,34,N,Y,9,strikeonehand 2HAMMER
905,768.435,EXAMPLE,strikeonehand,2HAMMER,2,34,N,Y,9,strikeonehand 2HAMMER
906,768.937,EXAMPLE,strikeonehand,2HAMMER,2,34,N,Y,9,strikeonehand 2HAMMER
907,769.933,EXAMPLE,strikeonehand,2HAMMER,2,34,N,Y,9,strikeonehand 2HAMMER
908,772.434,EXAMPLE,grasp,4KERNEL,2,34,N,Y,9,grasp 4KERNEL
909,772.933,EXAMPLE,eat,4KERNEL,2,34,N,Y,9,eat 4KERNEL
910,785.432,EXAMPLE,grasp,4KERNEL,2,34,N,Y,9,grasp 4KERNEL
911,785.936,EXAMPLE,eat,4KERNEL,2,34,N,Y,9,eat 4KERNEL
912,790.184,EXAMPLE,grasp,1NUT,2,34,N,Y,9,grasp 1NUT
913,790.939,EXAMPLE,place,1NUT,2,34,N,Y,9,place 1NUT
914,791.186,EXAMPLE,strikeonehand,2HAMMER,2,34,N,Y,9,strikeonehand 2HAMMER
915,792.433,EXAMPLE,strikeonehand,2HAMMER,2,34,N,Y,9,strikeonehand 2HAMMER
916,793.685,EXAMPLE,grasp,4KERNEL,2,34,N,Y,9,grasp 4KERNEL
917,795.687,EXAMPLE,eat,4KERNEL,2,34,N,Y,9,eat 4KERNEL
918,811.435,EXAMPLE,grasp,1NUT,2,34,N,Y,9,grasp 1NUT
919,811.936,EXAMPLE,place,1NUT,2,34,N,Y,9,place 1NUT
920,812.182,EXAMPLE,strikeonehand,2HAMMER,2,34,N,Y,9,strikeonehand 2HAMMER
921,814.936,EXAMPLE,touchhand,1NUT,2,34,N,Y,9,touchhand 1NUT
922,815.183,EXAMPLE,strikeonehand,2HAMMER,2,34,N,Y,9,strikeonehand 2HAMMER
923,815.937,EXAMPLE,strikeonehand,2HAMMER,2,34,N,Y,9,strikeonehand 2HAMMER
924,817.434,EXAMPLE,grasp,4KERNEL,2,34,N,Y,9,grasp 4KERNEL
925,820.686,EXAMPLE,peelteeth,5SHELL,2,34,N,Y,9,peelteeth 5SHELL
926,821.683,EXAMPLE,eat,4KERNEL,2,34,N,Y,9,eat 4KERNEL
927,827.182,EXAMPLE,grasp,1NUT,2,34,N,Y,9,grasp 1NUT
928,827.936,EXAMPLE,place,1NUT,2,34,N,Y,9,place 1NUT
929,830.187,EXAMPLE,strikeonehand,2HAMMER,2,34,N,Y,9,strikeonehand 2HAMMER
930,831.686,EXAMPLE,strikeonehand,2HAMMER,2,34,N,Y,9,strikeonehand 2HAMMER
931,832.687,EXAMPLE,strikeonehand,2HAMMER,2,34,N,Y,9,strikeonehand 2HAMMER
932,832.935,EXAMPLE,strikeonehand,2HAMMER,2,34,N,Y,9,strikeonehand 2HAMMER
933,834.688,EXAMPLE,touchhand,1NUT,2,34,N,Y,9,touchhand 1NUT
934,835.436,EXAMPLE,strikeonehand,2HAMMER,2,34,N,Y,9,strikeonehand 2HAMMER
935,835.938,EXAMPLE,strikeonehand,2HAMMER,2,34,N,Y,9,strikeonehand 2HAMMER
936,838.437,EXAMPLE,grasp,4KERNEL,2,34,N,Y,9,grasp 4KERNEL
937,838.935,EXAMPLE,eat,4KERNEL,2,34,N,Y,9,eat 4KERNEL
938,857.94,EXAMPLE,strikeonehand,2HAMMER,NA,NA,N,Y,7,strikeonehand 2HAMMER
939,858.19,EXAMPLE,strikeonehand,2HAMMER,NA,NA,N,Y,7,strikeonehand 2HAMMER
940,859.434,EXAMPLE,strikeonehand,2HAMMER,NA,NA,N,Y,7,strikeonehand 2HAMMER
941,860.19,EXAMPLE,grasp,4KERNEL,NA,NA,N,Y,7,grasp 4KERNEL
942,861.184,EXAMPLE,eat,4KERNEL,NA,NA,N,Y,7,eat 4KERNEL
943,864.683,EXAMPLE,grasp,1NUT,2,34,N,Y,7,grasp 1NUT
944,865.185,EXAMPLE,place,1NUT,2,34,N,Y,7,place 1NUT
945,869.687,EXAMPLE,strikeonehand,2HAMMER,2,34,N,Y,7,strikeonehand 2HAMMER
946,870.435,EXAMPLE,strikeonehand,2HAMMER,2,34,N,Y,7,strikeonehand 2HAMMER
947,874.189,EXAMPLE,grasp,4KERNEL,2,34,N,Y,7,grasp 4KERNEL
948,874.435,EXAMPLE,eat,4KERNEL,2,34,N,Y,7,eat 4KERNEL
949,874.688,EXAMPLE,strikeonehand,2HAMMER,2,34,N,Y,7,strikeonehand 2HAMMER
950,875.44,EXAMPLE,strikeonehand,2HAMMER,2,34,N,Y,7,strikeonehand 2HAMMER
951,876.183,EXAMPLE,strikeonehand,2HAMMER,2,34,N,Y,7,strikeonehand 2HAMMER
952,879.186,EXAMPLE,eat,4KERNEL,2,34,N,Y,7,eat 4KERNEL
953,879.186,EXAMPLE,grasp,4KERNEL,2,34,N,Y,7,grasp 4KERNEL
954,897.188,EXAMPLE,grasp,1NUT,2,34,N,Y,7,grasp 1NUT
955,897.685,EXAMPLE,place,1NUT,2,34,N,Y,7,place 1NUT
956,899.187,EXAMPLE,strikeonehand,2HAMMER,2,34,N,Y,7,strikeonehand 2HAMMER
957,900.184,EXAMPLE,strikeonehand,2HAMMER,2,34,N,Y,7,strikeonehand 2HAMMER
958,909.19,EXAMPLE,grasp,1NUT,2,34,N,Y,7,grasp 1NUT
959,911.684,EXAMPLE,drop,1NUT,2,34,N,Y,7,drop 1NUT
960,911.935,EXAMPLE,grasp,1NUT,2,34,N,Y,7,grasp 1NUT
961,912.437,EXAMPLE,place,1NUT,2,34,N,Y,7,place 1NUT
962,913.683,EXAMPLE,grasp,1NUT,2,34,N,Y,7,grasp 1NUT
963,914.439,EXAMPLE,place,1NUT,2,34,N,Y,7,place 1NUT
964,915.436,EXAMPLE,strikeonehand,2HAMMER,2,34,N,Y,7,strikeonehand 2HAMMER
965,916.932,EXAMPLE,strikeonehand,2HAMMER,2,34,N,Y,7,strikeonehand 2HAMMER
966,918.188,EXAMPLE,strikeonehand,2HAMMER,2,34,N,Y,7,strikeonehand 2HAMMER
967,920.942,EXAMPLE,grasp,4KERNEL,2,34,N,Y,7,grasp 4KERNEL
968,921.937,EXAMPLE,eat,4KERNEL,2,34,N,Y,7,eat 4KERNEL
969,927.691,EXAMPLE,grasp,1NUT,2,34,N,Y,7,grasp 1NUT
970,928.184,EXAMPLE,place,1NUT,2,34,N,Y,7,place 1NUT
971,928.184,EXAMPLE,strikeonehand,2HAMMER,2,34,N,Y,7,strikeonehand 2HAMMER
972,930.187,EXAMPLE,strikeonehand,2HAMMER,2,34,N,Y,7,strikeonehand 2HAMMER
973,932.435,EXAMPLE,strikeonehand,2HAMMER,2,34,N,Y,7,strikeonehand 2HAMMER
974,933.436,EXAMPLE,strikeonehand,2HAMMER,2,34,N,Y,7,strikeonehand 2HAMMER
975,934.184,EXAMPLE,strikeonehand,2HAMMER,2,34,N,Y,7,strikeonehand 2HAMMER
976,936.44,EXAMPLE,grasp,4KERNEL,2,34,N,Y,7,grasp 4KERNEL
977,937.938,EXAMPLE,eat,4KERNEL,2,34,N,Y,7,eat 4KERNEL
978,940.434,EXAMPLE,place,4KERNEL,2,34,N,Y,7,place 4KERNEL
979,941.435,EXAMPLE,strikeonehand,2HAMMER,2,34,N,Y,7,strikeonehand 2HAMMER
980,942.685,EXAMPLE,strikeonehand,2HAMMER,2,34,N,Y,7,strikeonehand 2HAMMER
981,942.935,EXAMPLE,grasp,4KERNEL,2,34,N,Y,7,grasp 4KERNEL
982,944.944,EXAMPLE,eat,4KERNEL,2,34,N,Y,7,eat 4KERNEL
983,959.934,EXAMPLE,peelteeth,5SHELL,2,34,N,Y,7,peelteeth 5SHELL
984,961.439,EXAMPLE,eat,4KERNEL,2,34,N,Y,7,eat 4KERNEL
985,961.687,EXAMPLE,place,1NUT,2,34,N,Y,7,place 1NUT
986,961.938,EXAMPLE,strikeonehand,2HAMMER,2,34,N,Y,7,strikeonehand 2HAMMER
987,962.936,EXAMPLE,strikeonehand,2HAMMER,2,34,N,Y,7,strikeonehand 2HAMMER
988,963.684,EXAMPLE,strikeonehand,2HAMMER,2,34,N,Y,7,strikeonehand 2HAMMER
989,964.437,EXAMPLE,strikeonehand,2HAMMER,2,34,N,Y,7,strikeonehand 2HAMMER
990,966.434,EXAMPLE,grasp,1NUT,2,34,N,Y,7,grasp 1NUT
991,966.937,EXAMPLE,place,1NUT,2,34,N,Y,7,place 1NUT
992,967.935,EXAMPLE,strikeonehand,2HAMMER,2,34,N,Y,7,strikeonehand 2HAMMER
993,972.19,EXAMPLE,grasp,4KERNEL,2,34,N,Y,7,grasp 4KERNEL
994,972.434,EXAMPLE,eat,4KERNEL,2,34,N,Y,7,eat 4KERNEL
995,974.44,EXAMPLE,place,1NUT,2,34,N,Y,7,place 1NUT
996,974.933,EXAMPLE,strikeonehand,2HAMMER,2,34,N,Y,7,strikeonehand 2HAMMER
997,1005.435,EXAMPLE,grasp,1NUT,2,34,N,Y,7,grasp 1NUT
998,1006.431,EXAMPLE,place,1NUT,2,34,N,Y,7,place 1NUT
999,1008.437,EXAMPLE,strikeonehand,2HAMMER,2,34,N,Y,7,strikeonehand 2HAMMER
1000,1009.432,EXAMPLE,strikeonehand,2HAMMER,2,34,N,Y,7,strikeonehand 2HAMMER
1001,1011.183,EXAMPLE,grasp,4KERNEL,2,34,N,Y,7,grasp 4KERNEL
1002,1012.686,EXAMPLE,drop,4KERNEL,2,34,N,Y,7,drop 4KERNEL
1003,1013.187,EXAMPLE,grasp,4KERNEL,2,34,N,Y,7,grasp 4KERNEL
1004,1014.182,EXAMPLE,eat,4KERNEL,2,34,N,Y,7,eat 4KERNEL
1005,1018.673,EXAMPLE,grasp,1NUT,2,34,N,Y,7,grasp 1NUT
1006,1019.171,EXAMPLE,place,1NUT,2,34,N,Y,7,place 1NUT
1007,1020.175,EXAMPLE,strikeonehand,2HAMMER,2,34,N,Y,7,strikeonehand 2HAMMER
1008,1020.672,EXAMPLE,strikeonehand,2HAMMER,2,34,N,Y,7,strikeonehand 2HAMMER
1009,1022.175,EXAMPLE,strikeonehand,2HAMMER,2,34,N,Y,7,strikeonehand 2HAMMER
1010,1023.163,EXAMPLE,touchhand,1NUT,2,34,N,Y,7,touchhand 1NUT
1011,1024.161,EXAMPLE,touchhand,1NUT,2,34,N,Y,7,touchhand 1NUT
1012,1024.175,EXAMPLE,strikeonehand,2HAMMER,2,34,N,Y,7,strikeonehand 2HAMMER
1013,1026.162,EXAMPLE,touchhand,1NUT,2,34,N,Y,7,touchhand 1NUT
1014,1027.665,EXAMPLE,grasp,4KERNEL,2,34,N,Y,7,grasp 4KERNEL
1015,1029.914,EXAMPLE,eat,4KERNEL,2,34,N,Y,7,eat 4KERNEL
1016,1032.665,EXAMPLE,grasp,1NUT,2,34,N,Y,7,grasp 1NUT
1017,1032.915,EXAMPLE,place,1NUT,2,34,N,Y,7,place 1NUT
1018,1036.415,EXAMPLE,strikeonehand,2HAMMER,2,34,N,Y,7,strikeonehand 2HAMMER
1019,1037.661,EXAMPLE,strikeonehand,2HAMMER,2,34,N,Y,7,strikeonehand 2HAMMER
1020,1039.914,EXAMPLE,grasp,1NUT,2,34,N,Y,7,grasp 1NUT
1021,1043.665,EXAMPLE,place,1NUT,2,34,N,Y,7,place 1NUT
1022,1045.411,EXAMPLE,strikeonehand,2HAMMER,2,34,N,Y,7,strikeonehand 2HAMMER
1023,1046.163,EXAMPLE,strikeonehand,2HAMMER,2,34,N,Y,7,strikeonehand 2HAMMER
1024,1047.164,EXAMPLE,strikeonehand,2HAMMER,2,34,N,Y,7,strikeonehand 2HAMMER
1025,1048.412,EXAMPLE,touchhand,1NUT,2,34,N,Y,7,touchhand 1NUT
1026,1049.414,EXAMPLE,strikeonehand,2HAMMER,2,34,N,Y,7,strikeonehand 2HAMMER
1027,1050.665,EXAMPLE,grasp,1NUT,2,34,N,Y,7,grasp 1NUT
1028,1051.668,EXAMPLE,place,1NUT,2,34,N,Y,7,place 1NUT
1029,1053.161,EXAMPLE,grasp,1NUT,2,34,N,Y,7,grasp 1NUT
1030,1053.914,EXAMPLE,place,1NUT,2,34,N,Y,7,place 1NUT
1031,1055.164,EXAMPLE,strikeonehand,2HAMMER,2,34,N,Y,7,strikeonehand 2HAMMER
1032,1057.162,EXAMPLE,grasp,4KERNEL,2,34,N,Y,7,grasp 4KERNEL
1033,1057.662,EXAMPLE,eat,4KERNEL,2,34,N,Y,7,eat 4KERNEL
1034,1059.665,EXAMPLE,grasp,1NUT,2,34,N,Y,7,grasp 1NUT
1035,1059.915,EXAMPLE,place,1NUT,2,34,N,Y,7,place 1NUT
1036,1060.414,EXAMPLE,strikeonehand,2HAMMER,2,34,N,Y,7,strikeonehand 2HAMMER
1037,1061.164,EXAMPLE,strikeonehand,2HAMMER,2,34,N,Y,7,strikeonehand 2HAMMER
1038,1062.166,EXAMPLE,strikeonehand,2HAMMER,2,34,N,Y,7,strikeonehand 2HAMMER
1039,1063.915,EXAMPLE,grasp,4KERNEL,2,34,N,Y,7,grasp 4KERNEL
1040,1065.164,EXAMPLE,grasp,4KERNEL,2,34,N,Y,7,grasp 4KERNEL
1041,1065.663,EXAMPLE,eat,4KERNEL,2,34,N,Y,7,eat 4KERNEL
1042,1070.665,EXAMPLE,grasp,1NUT,2,34,N,Y,7,grasp 1NUT
1043,1071.164,EXAMPLE,place,1NUT,2,34,N,Y,7,place 1NUT
1044,1078.735,EXAMPLE,touchhand,1NUT,2,34,N,Y,7,touchhand 1NUT
1045,1080.487,EXAMPLE,strikeonehand,2HAMMER,2,34,N,Y,7,strikeonehand 2HAMMER
1046,1081.482,EXAMPLE,strikeonehand,2HAMMER,2,34,N,Y,7,strikeonehand 2HAMMER
1047,1083.235,EXAMPLE,grasp,4KERNEL,2,34,N,Y,7,grasp 4KERNEL
1048,1084.031,EXAMPLE,drop,4KERNEL,2,34,N,Y,7,drop 4KERNEL
1049,1086.281,EXAMPLE,grasp,4KERNEL,2,34,N,Y,7,grasp 4KERNEL
1050,1087.536,EXAMPLE,peelteeth,5SHELL,2,34,N,Y,7,peelteeth 5SHELL
1051,1088.285,EXAMPLE,eat,4KERNEL,2,34,N,Y,7,eat 4KERNEL
1052,1092.282,EXAMPLE,grasp,1NUT,2,34,N,Y,7,grasp 1NUT
1053,1092.785,EXAMPLE,place,1NUT,2,34,N,Y,7,place 1NUT
1054,1093.784,EXAMPLE,grasp,1NUT,2,34,N,Y,7,grasp 1NUT
1055,1094.535,EXAMPLE,place,1NUT,2,34,N,Y,7,place 1NUT
1056,1094.785,EXAMPLE,strikeonehand,2HAMMER,2,34,N,Y,7,strikeonehand 2HAMMER
1057,1097.281,EXAMPLE,grasp,4KERNEL,2,34,N,Y,7,grasp 4KERNEL
1058,1102.282,EXAMPLE,peelteeth,5SHELL,2,34,N,Y,7,peelteeth 5SHELL
1059,1103.034,EXAMPLE,eat,4KERNEL,2,34,N,Y,7,eat 4KERNEL
1060,1104.535,EXAMPLE,spit,5SHELL,2,34,N,Y,7,spit 5SHELL
1061,1108.79,EXAMPLE,grasp,1NUT,2,34,N,Y,7,grasp 1NUT
1062,1109.034,EXAMPLE,place,1NUT,2,34,N,Y,7,place 1NUT
1063,1110.033,EXAMPLE,strikeonehand,2HAMMER,2,34,N,Y,7,strikeonehand 2HAMMER
1064,1110.785,EXAMPLE,strikeonehand,2HAMMER,2,34,N,Y,7,strikeonehand 2HAMMER
1065,1112.532,EXAMPLE,grasp,4KERNEL,2,34,N,Y,7,grasp 4KERNEL
1066,1115.785,EXAMPLE,peelteeth,5SHELL,2,34,N,Y,7,peelteeth 5SHELL
1067,1116.535,EXAMPLE,eat,4KERNEL,2,34,N,Y,7,eat 4KERNEL
1068,1118.035,EXAMPLE,drop,5SHELL,2,34,N,Y,7,drop 5SHELL
1069,1118.785,EXAMPLE,drop,2HAMMER,2,34,N,Y,7,drop 2HAMMER
1070,1118.785,EXAMPLE,relocate,,2,34,N,Y,7,relocate 
1071,2103.76,EXAMPLE,relocate,,8,34,N,Y,5,relocate 
1072,2107.761,EXAMPLE,grasp,2HAMMER,8,34,N,Y,5,grasp 2HAMMER
1073,2112.757,EXAMPLE,relocate,,8,34,N,Y,5,relocate 
1074,2114.26,EXAMPLE,grasp,1NUT,8,34,N,Y,5,grasp 1NUT
1075,2114.509,EXAMPLE,place,1NUT,8,34,N,Y,5,place 1NUT
1076,2116.01,EXAMPLE,grasp,1NUT,8,34,N,Y,5,grasp 1NUT
1077,2119.01,EXAMPLE,place,1NUT,8,34,N,Y,5,place 1NUT
1078,2122.014,EXAMPLE,strikeonehand,2HAMMER,8,34,N,Y,5,strikeonehand 2HAMMER
1079,2122.76,EXAMPLE,strikeonehand,2HAMMER,8,34,N,Y,5,strikeonehand 2HAMMER
1080,2123.76,EXAMPLE,strikeonehand,2HAMMER,8,34,N,Y,5,strikeonehand 2HAMMER
1081,2126.012,EXAMPLE,touchhand,1NUT,8,34,N,Y,5,touchhand 1NUT
1082,2126.259,EXAMPLE,strikeonehand,2HAMMER,8,34,N,Y,5,strikeonehand 2HAMMER
1083,2126.511,EXAMPLE,strikeonehand,2HAMMER,8,34,N,Y,5,strikeonehand 2HAMMER
1084,2127.262,EXAMPLE,strikeonehand,2HAMMER,8,34,N,Y,5,strikeonehand 2HAMMER
1085,2129.26,EXAMPLE,touchhand,1NUT,8,34,N,Y,5,touchhand 1NUT
1086,2129.76,EXAMPLE,strikeonehand,2HAMMER,8,34,N,Y,5,strikeonehand 2HAMMER
1087,2130.763,EXAMPLE,touchhand,1NUT,8,34,N,Y,5,touchhand 1NUT
1088,2131.763,EXAMPLE,strikeonehand,2HAMMER,8,34,N,Y,5,strikeonehand 2HAMMER
1089,2132.765,EXAMPLE,strikeonehand,2HAMMER,8,34,N,Y,5,strikeonehand 2HAMMER
1090,2135.762,EXAMPLE,grasp,4KERNEL,8,34,N,Y,5,grasp 4KERNEL
1091,2136.01,EXAMPLE,eat,4KERNEL,8,34,N,Y,5,eat 4KERNEL
1092,2139.762,EXAMPLE,peelteeth,5SHELL,8,34,N,Y,5,peelteeth 5SHELL
1093,2141.264,EXAMPLE,eat,4KERNEL,8,34,N,Y,5,eat 4KERNEL
1094,2146.258,EXAMPLE,drop,5SHELL,8,34,N,Y,5,drop 5SHELL
1095,2147.008,EXAMPLE,grasp,4KERNEL,8,34,N,Y,5,grasp 4KERNEL
1096,2148.509,EXAMPLE,eat,4KERNEL,8,34,N,Y,5,eat 4KERNEL
1097,2157.258,EXAMPLE,grasp,1NUT,8,34,N,Y,5,grasp 1NUT
1098,2157.506,EXAMPLE,place,1NUT,8,34,N,Y,5,place 1NUT
1099,2157.759,EXAMPLE,strikeonehand,2HAMMER,8,34,N,Y,5,strikeonehand 2HAMMER
1100,2158.507,EXAMPLE,strikeonehand,2HAMMER,8,34,N,Y,5,strikeonehand 2HAMMER
1101,2160.511,EXAMPLE,grasp,4KERNEL,8,34,N,Y,5,grasp 4KERNEL
1102,2161.262,EXAMPLE,eat,4KERNEL,8,34,N,Y,5,eat 4KERNEL
1103,2169.509,EXAMPLE,grasp,1NUT,8,34,N,Y,5,grasp 1NUT
1104,2170.009,EXAMPLE,place,1NUT,8,34,N,Y,5,place 1NUT
1105,2170.762,EXAMPLE,strikeonehand,2HAMMER,8,34,N,Y,5,strikeonehand 2HAMMER
1106,2171.262,EXAMPLE,strikeonehand,2HAMMER,8,34,N,Y,5,strikeonehand 2HAMMER
1107,2172.012,EXAMPLE,strikeonehand,2HAMMER,8,34,N,Y,5,strikeonehand 2HAMMER
1108,2174.511,EXAMPLE,grasp,4KERNEL,8,34,N,Y,5,grasp 4KERNEL
1109,2175.513,EXAMPLE,eat,4KERNEL,8,34,N,Y,5,eat 4KERNEL
1110,2179.507,EXAMPLE,spit,5SHELL,8,34,N,Y,5,spit 5SHELL
1111,2188.26,EXAMPLE,grasp,1NUT,8,34,N,Y,5,grasp 1NUT
1112,2189.009,EXAMPLE,place,1NUT,8,34,N,Y,5,place 1NUT
1113,2189.508,EXAMPLE,strikeonehand,2HAMMER,8,34,N,Y,5,strikeonehand 2HAMMER
1114,2189.761,EXAMPLE,strikeonehand,2HAMMER,8,34,N,Y,5,strikeonehand 2HAMMER
1115,2191.509,EXAMPLE,strikeonehand,2HAMMER,8,34,N,Y,5,strikeonehand 2HAMMER
1116,2193.509,EXAMPLE,grasp,4KERNEL,8,34,N,Y,5,grasp 4KERNEL
1117,2199.006,EXAMPLE,peelteeth,5SHELL,8,34,N,Y,5,peelteeth 5SHELL
1118,2199.259,EXAMPLE,eat,4KERNEL,8,34,N,Y,5,eat 4KERNEL
1119,2205.51,EXAMPLE,drop,5SHELL,8,34,N,Y,5,drop 5SHELL
1120,2206.012,EXAMPLE,eat,4KERNEL,8,34,N,Y,5,eat 4KERNEL
1121,2208.01,EXAMPLE,grasp,4KERNEL,8,34,N,Y,5,grasp 4KERNEL
1122,2210.765,EXAMPLE,peelteeth,5SHELL,8,34,N,Y,5,peelteeth 5SHELL
1123,2213.262,EXAMPLE,eat,4KERNEL,8,34,N,Y,5,eat 4KERNEL
1124,2213.761,EXAMPLE,spit,5SHELL,8,34,N,Y,5,spit 5SHELL
1125,2216.509,EXAMPLE,grasp,1NUT,8,34,N,Y,5,grasp 1NUT
1126,2217.01,EXAMPLE,place,1NUT,8,34,N,Y,5,place 1NUT
1127,2217.262,EXAMPLE,strikeonehand,2HAMMER,8,34,N,Y,5,strikeonehand 2HAMMER
1128,2218.011,EXAMPLE,strikeonehand,2HAMMER,8,34,N,Y,5,strikeonehand 2HAMMER
1129,2220.512,EXAMPLE,grasp,4KERNEL,8,34,N,Y,5,grasp 4KERNEL
1130,2222.259,EXAMPLE,peelteeth,5SHELL,8,34,N,Y,5,peelteeth 5SHELL
1131,2225.011,EXAMPLE,peelteeth,5SHELL,8,34,N,Y,5,peelteeth 5SHELL
1132,2226.014,EXAMPLE,eat,4KERNEL,8,34,N,Y,5,eat 4KERNEL
1133,2226.511,EXAMPLE,drop,5SHELL,8,34,N,Y,5,drop 5SHELL
1134,2228.757,EXAMPLE,grasp,4KERNEL,8,34,N,Y,5,grasp 4KERNEL
1135,2229.762,EXAMPLE,eat,4KERNEL,8,34,N,Y,5,eat 4KERNEL
1136,2450.82,EXAMPLE,strikeonehand,2HAMMER,8,34,N,Y,17,strikeonehand 2HAMMER
1137,2451.57,EXAMPLE,grasp,4KERNEL,8,34,N,Y,17,grasp 4KERNEL
1138,2453.32,EXAMPLE,eat,4KERNEL,8,34,N,Y,17,eat 4KERNEL
1139,2455.821,EXAMPLE,grasp,4KERNEL,8,34,N,Y,17,grasp 4KERNEL
1140,2456.319,EXAMPLE,eat,4KERNEL,8,34,N,Y,17,eat 4KERNEL
1141,2459.82,EXAMPLE,drop,5SHELL,8,34,N,Y,17,drop 5SHELL
1142,2461.575,EXAMPLE,grasp,1NUT,8,34,N,Y,17,grasp 1NUT
1143,2462.072,EXAMPLE,place,1NUT,8,34,N,Y,17,place 1NUT
1144,2462.821,EXAMPLE,strikeonehand,2HAMMER,8,34,N,Y,17,strikeonehand 2HAMMER
1145,2463.57,EXAMPLE,strikeonehand,2HAMMER,8,34,N,Y,17,strikeonehand 2HAMMER
1146,2467.569,EXAMPLE,touchhand,4KERNEL,8,34,N,Y,17,touchhand 4KERNEL
1147,2468.069,EXAMPLE,grasp,4KERNEL,8,34,N,Y,17,grasp 4KERNEL
1148,2470.571,EXAMPLE,peelteeth,5SHELL,8,34,N,Y,17,peelteeth 5SHELL
1149,2471.578,EXAMPLE,drop,5SHELL,8,34,N,Y,17,drop 5SHELL
1150,2472.069,EXAMPLE,spit,5SHELL,8,34,N,Y,17,spit 5SHELL
1151,2472.571,EXAMPLE,eat,4KERNEL,8,34,N,Y,17,eat 4KERNEL
1152,2474.073,EXAMPLE,grasp,1NUT,8,34,N,Y,17,grasp 1NUT
1153,2474.319,EXAMPLE,drop,1NUT,8,34,N,Y,17,drop 1NUT
1154,2475.073,EXAMPLE,grasp,1NUT,8,34,N,Y,17,grasp 1NUT
1155,2476.569,EXAMPLE,place,1NUT,8,34,N,Y,17,place 1NUT
1156,2477.072,EXAMPLE,strikeonehand,2HAMMER,8,34,N,Y,17,strikeonehand 2HAMMER
1157,2478.071,EXAMPLE,strikeonehand,2HAMMER,8,34,N,Y,17,strikeonehand 2HAMMER
1158,2480.568,EXAMPLE,grasp,4KERNEL,8,34,N,Y,17,grasp 4KERNEL
1159,2485.069,EXAMPLE,eat,4KERNEL,8,34,N,Y,17,eat 4KERNEL
1160,2486.823,EXAMPLE,grasp,5SHELL,8,34,N,Y,17,grasp 5SHELL
1161,2493.572,EXAMPLE,grasp,1NUT,8,34,N,Y,17,grasp 1NUT
1162,2494.067,EXAMPLE,place,1NUT,8,34,N,Y,17,place 1NUT
1163,2494.319,EXAMPLE,strikeonehand,2HAMMER,8,34,N,Y,17,strikeonehand 2HAMMER
1164,2495.073,EXAMPLE,strikeonehand,2HAMMER,8,34,N,Y,17,strikeonehand 2HAMMER
1165,2496.318,EXAMPLE,strikeonehand,2HAMMER,8,34,N,Y,17,strikeonehand 2HAMMER
1166,2497.572,EXAMPLE,strikeonehand,2HAMMER,8,34,N,Y,17,strikeonehand 2HAMMER
1167,2499.573,EXAMPLE,grasp,4KERNEL,8,34,N,Y,17,grasp 4KERNEL
1168,2503.076,EXAMPLE,drop,4KERNEL,8,34,N,Y,17,drop 4KERNEL
1169,2503.318,EXAMPLE,grasp,4KERNEL,8,34,N,Y,17,grasp 4KERNEL
1170,2503.568,EXAMPLE,eat,4KERNEL,8,34,N,Y,17,eat 4KERNEL
1171,2505.071,EXAMPLE,grasp,1NUT,8,34,N,Y,17,grasp 1NUT
1172,2505.572,EXAMPLE,place,1NUT,8,34,N,Y,17,place 1NUT
1173,2506.569,EXAMPLE,strikeonehand,2HAMMER,8,34,N,Y,17,strikeonehand 2HAMMER
1174,2507.819,EXAMPLE,strikeonehand,2HAMMER,8,34,N,Y,17,strikeonehand 2HAMMER
1175,2510.571,EXAMPLE,touchhand,4KERNEL,8,34,N,Y,17,touchhand 4KERNEL
1176,2511.578,EXAMPLE,grasp,4KERNEL,8,34,N,Y,17,grasp 4KERNEL
1177,2514.32,EXAMPLE,drop,5SHELL,8,34,N,Y,17,drop 5SHELL
1178,2514.571,EXAMPLE,eat,4KERNEL,8,34,N,Y,17,eat 4KERNEL
1179,2519.572,EXAMPLE,grasp,1NUT,8,34,N,Y,17,grasp 1NUT
1180,2520.818,EXAMPLE,place,1NUT,8,34,N,Y,17,place 1NUT
1181,2521.571,EXAMPLE,strikeonehand,2HAMMER,8,34,N,Y,17,strikeonehand 2HAMMER
1182,2523.07,EXAMPLE,touchhand,1NUT,8,34,N,Y,17,touchhand 1NUT
1183,2523.571,EXAMPLE,strikeonehand,2HAMMER,8,34,N,Y,17,strikeonehand 2HAMMER
1184,2524.821,EXAMPLE,touchhand,1NUT,8,34,N,Y,17,touchhand 1NUT
1185,2525.071,EXAMPLE,strikeonehand,2HAMMER,8,34,N,Y,17,strikeonehand 2HAMMER
1186,2526.818,EXAMPLE,touchhand,1NUT,8,34,N,Y,17,touchhand 1NUT
1187,2527.067,EXAMPLE,strikeonehand,2HAMMER,8,34,N,Y,17,strikeonehand 2HAMMER
1188,2528.818,EXAMPLE,grasp,4KERNEL,8,34,N,Y,17,grasp 4KERNEL
1189,2530.822,EXAMPLE,eat,4KERNEL,8,34,N,Y,17,eat 4KERNEL
1190,2530.822,EXAMPLE,spit,5SHELL,8,34,N,Y,17,spit 5SHELL
1191,2534.321,EXAMPLE,grasp,1NUT,8,34,N,Y,17,grasp 1NUT
1192,2534.82,EXAMPLE,place,1NUT,8,34,N,Y,17,place 1NUT
1193,2535.066,EXAMPLE,strikeonehand,2HAMMER,8,34,N,Y,17,strikeonehand 2HAMMER
1194,2535.821,EXAMPLE,strikeonehand,2HAMMER,8,34,N,Y,17,strikeonehand 2HAMMER
1195,2538.819,EXAMPLE,grasp,4KERNEL,8,34,N,Y,17,grasp 4KERNEL
1196,2539.072,EXAMPLE,eat,4KERNEL,8,34,N,Y,17,eat 4KERNEL
1197,2539.569,EXAMPLE,drop,5SHELL,8,34,N,Y,17,drop 5SHELL
1198,2554.076,EXAMPLE,grasp,1NUT,8,34,N,Y,17,grasp 1NUT
1199,2554.323,EXAMPLE,place,1NUT,8,34,N,Y,17,place 1NUT
1200,2554.323,EXAMPLE,strikeonehand,2HAMMER,8,34,N,Y,17,strikeonehand 2HAMMER
1201,2555.32,EXAMPLE,strikeonehand,2HAMMER,8,34,N,Y,17,strikeonehand 2HAMMER
1202,2559.324,EXAMPLE,strikeonehand,2HAMMER,8,34,N,Y,17,strikeonehand 2HAMMER
1203,2559.569,EXAMPLE,touchhand,1NUT,8,34,N,Y,17,touchhand 1NUT
1204,2560.821,EXAMPLE,strikeonehand,2HAMMER,8,34,N,Y,17,strikeonehand 2HAMMER
1205,2562.566,EXAMPLE,grasp,4KERNEL,8,34,N,Y,17,grasp 4KERNEL
1206,2566.068,EXAMPLE,peelteeth,5SHELL,8,34,N,Y,17,peelteeth 5SHELL
1207,2568.067,EXAMPLE,peelteeth,5SHELL,8,34,N,Y,17,peelteeth 5SHELL
1208,2574.068,EXAMPLE,peelteeth,5SHELL,8,34,N,Y,17,peelteeth 5SHELL
1209,2575.818,EXAMPLE,eat,4KERNEL,8,34,N,Y,17,eat 4KERNEL
1210,2576.317,EXAMPLE,drop,5SHELL,8,34,N,Y,17,drop 5SHELL
1211,2577.82,EXAMPLE,grasp,1NUT,8,34,N,Y,17,grasp 1NUT
1212,2578.816,EXAMPLE,place,1NUT,8,34,N,Y,17,place 1NUT
1213,2579.566,EXAMPLE,strikeonehand,2HAMMER,8,34,N,Y,17,strikeonehand 2HAMMER
1214,2582.319,EXAMPLE,grasp,4KERNEL,8,34,N,Y,17,grasp 4KERNEL
1215,2584.815,EXAMPLE,eat,4KERNEL,8,34,N,Y,17,eat 4KERNEL
1216,2587.07,EXAMPLE,grasp,1NUT,8,34,N,Y,17,grasp 1NUT
1217,2587.569,EXAMPLE,place,1NUT,8,34,N,Y,17,place 1NUT
1218,2587.816,EXAMPLE,strikeonehand,2HAMMER,8,34,N,Y,17,strikeonehand 2HAMMER
1219,2589.32,EXAMPLE,touchhand,1NUT,8,34,N,Y,17,touchhand 1NUT
1220,2589.57,EXAMPLE,strikeonehand,2HAMMER,8,34,N,Y,17,strikeonehand 2HAMMER
1221,2591.315,EXAMPLE,touchhand,1NUT,8,34,N,Y,17,touchhand 1NUT
1222,2592.068,EXAMPLE,strikeonehand,2HAMMER,8,34,N,Y,17,strikeonehand 2HAMMER
1223,2594.066,EXAMPLE,grasp,4KERNEL,8,34,N,Y,17,grasp 4KERNEL
1224,2596.07,EXAMPLE,eat,4KERNEL,8,34,N,Y,17,eat 4KERNEL
1225,2596.569,EXAMPLE,drop,5SHELL,8,34,N,Y,17,drop 5SHELL
1226,2597.816,EXAMPLE,grasp,1NUT,8,34,N,Y,17,grasp 1NUT
1227,2598.07,EXAMPLE,place,1NUT,8,34,N,Y,17,place 1NUT
1228,2603.32,EXAMPLE,grasp,5SHELL,8,34,N,Y,17,grasp 5SHELL
1229,2603.57,EXAMPLE,drop,5SHELL,8,34,N,Y,17,drop 5SHELL
1230,2605.068,EXAMPLE,grasp,5SHELL,8,34,N,Y,17,grasp 5SHELL
1231,2605.569,EXAMPLE,drop,5SHELL,8,34,N,Y,17,drop 5SHELL
1232,2607.069,EXAMPLE,touchhand,1NUT,8,34,N,Y,17,touchhand 1NUT
1233,2607.319,EXAMPLE,strikeonehand,2HAMMER,8,34,N,Y,17,strikeonehand 2HAMMER
1234,2607.817,EXAMPLE,strikeonehand,2HAMMER,8,34,N,Y,17,strikeonehand 2HAMMER
1235,2608.32,EXAMPLE,touchhand,1NUT,8,34,N,Y,17,touchhand 1NUT
1236,2609.318,EXAMPLE,strikeonehand,2HAMMER,8,34,N,Y,17,strikeonehand 2HAMMER
1237,2610.818,EXAMPLE,strikeonehand,2HAMMER,8,34,N,Y,17,strikeonehand 2HAMMER
1238,2614.067,EXAMPLE,grasp,4KERNEL,8,34,N,Y,17,grasp 4KERNEL
1239,2617.065,EXAMPLE,peelteeth,5SHELL,8,34,N,Y,17,peelteeth 5SHELL
1240,2618.07,EXAMPLE,eat,4KERNEL,8,34,N,Y,17,eat 4KERNEL
1241,2618.315,EXAMPLE,drop,5SHELL,8,34,N,Y,17,drop 5SHELL
1242,2624.817,EXAMPLE,grasp,1NUT,8,34,N,Y,17,grasp 1NUT
1243,2626.819,EXAMPLE,place,1NUT,8,34,N,Y,17,place 1NUT
1244,2627.568,EXAMPLE,strikeonehand,2HAMMER,8,34,N,Y,17,strikeonehand 2HAMMER
1245,2628.319,EXAMPLE,strikeonehand,2HAMMER,8,34,N,Y,17,strikeonehand 2HAMMER
1246,2628.819,EXAMPLE,strikeonehand,2HAMMER,8,34,N,Y,17,strikeonehand 2HAMMER
1247,2632.067,EXAMPLE,grasp,4KERNEL,8,34,N,Y,17,grasp 4KERNEL
1248,2632.567,EXAMPLE,eat,4KERNEL,8,34,N,Y,17,eat 4KERNEL
1249,2650.318,EXAMPLE,grasp,1NUT,8,34,N,Y,17,grasp 1NUT
1250,2650.566,EXAMPLE,place,1NUT,8,34,N,Y,17,place 1NUT
1251,2651.07,EXAMPLE,strikeonehand,2HAMMER,8,34,N,Y,17,strikeonehand 2HAMMER
1252,2651.82,EXAMPLE,strikeonehand,2HAMMER,8,34,N,Y,17,strikeonehand 2HAMMER
1253,2655.569,EXAMPLE,grasp,4KERNEL,8,34,N,Y,17,grasp 4KERNEL
1254,2657.069,EXAMPLE,eat,4KERNEL,8,34,N,Y,17,eat 4KERNEL
1255,2666.567,EXAMPLE,grasp,1NUT,8,34,N,Y,17,grasp 1NUT
1256,2666.82,EXAMPLE,place,1NUT,8,34,N,Y,17,place 1NUT
1257,2667.319,EXAMPLE,strikeonehand,2HAMMER,8,34,N,Y,17,strikeonehand 2HAMMER
1258,2668.569,EXAMPLE,strikeonehand,2HAMMER,8,34,N,Y,17,strikeonehand 2HAMMER
1259,2669.318,EXAMPLE,strikeonehand,2HAMMER,8,34,N,Y,17,strikeonehand 2HAMMER
1260,2670.425,EXAMPLE,touchhand,1NUT,8,34,N,Y,17,touchhand 1NUT
1261,2671.565,EXAMPLE,strikeonehand,2HAMMER,8,34,N,Y,17,strikeonehand 2HAMMER
1262,2672.427,EXAMPLE,strikeonehand,2HAMMER,8,34,N,Y,17,strikeonehand 2HAMMER
1263,2674.68,EXAMPLE,touchhand,1NUT,8,34,N,Y,17,touchhand 1NUT
1264,2674.928,EXAMPLE,strikeonehand,2HAMMER,8,34,N,Y,17,strikeonehand 2HAMMER
1265,2675.679,EXAMPLE,strikeonehand,2HAMMER,8,34,N,Y,17,strikeonehand 2HAMMER
1266,2677.928,EXAMPLE,touchhand,4KERNEL,8,34,N,Y,17,touchhand 4KERNEL
1267,2678.426,EXAMPLE,grasp,4KERNEL,8,34,N,Y,17,grasp 4KERNEL
1268,2679.43,EXAMPLE,eat,4KERNEL,8,34,N,Y,17,eat 4KERNEL
1269,2680.429,EXAMPLE,grasp,1NUT,8,34,N,Y,17,grasp 1NUT
1270,2681.678,EXAMPLE,place,1NUT,8,34,N,Y,17,place 1NUT
1271,2683.428,EXAMPLE,strikeonehand,2HAMMER,8,34,N,Y,17,strikeonehand 2HAMMER
1272,2684.434,EXAMPLE,strikeonehand,2HAMMER,8,34,N,Y,17,strikeonehand 2HAMMER
1273,2685.427,EXAMPLE,touchhand,1NUT,8,34,N,Y,17,touchhand 1NUT
1274,2685.678,EXAMPLE,strikeonehand,2HAMMER,8,34,N,Y,17,strikeonehand 2HAMMER
1275,2686.928,EXAMPLE,strikeonehand,2HAMMER,8,34,N,Y,17,strikeonehand 2HAMMER
1276,2687.68,EXAMPLE,touchhand,1NUT,8,34,N,Y,17,touchhand 1NUT
1277,2688.68,EXAMPLE,strikeonehand,2HAMMER,8,34,N,Y,17,strikeonehand 2HAMMER
1278,2689.929,EXAMPLE,strikeonehand,2HAMMER,8,34,N,Y,17,strikeonehand 2HAMMER
1279,2692.18,EXAMPLE,touchhand,4KERNEL,8,34,N,Y,17,touchhand 4KERNEL
1280,2694.93,EXAMPLE,grasp,1NUT,8,34,N,Y,17,grasp 1NUT
1281,2695.428,EXAMPLE,place,1NUT,8,34,N,Y,17,place 1NUT
1282,2695.681,EXAMPLE,strikeonehand,2HAMMER,8,34,N,Y,17,strikeonehand 2HAMMER
1283,2697.176,EXAMPLE,touchhand,1NUT,8,34,N,Y,17,touchhand 1NUT
1284,2697.426,EXAMPLE,strikeonehand,2HAMMER,8,34,N,Y,17,strikeonehand 2HAMMER
1285,2698.93,EXAMPLE,touchhand,1NUT,8,34,N,Y,17,touchhand 1NUT
1286,2699.429,EXAMPLE,strikeonehand,2HAMMER,8,34,N,Y,17,strikeonehand 2HAMMER
1287,2700.928,EXAMPLE,touchhand,1NUT,8,34,N,Y,17,touchhand 1NUT
1288,2701.679,EXAMPLE,strikeonehand,2HAMMER,8,34,N,Y,17,strikeonehand 2HAMMER
1289,2705.18,EXAMPLE,grasp,4KERNEL,8,34,N,Y,17,grasp 4KERNEL
1290,2707.18,EXAMPLE,peelteeth,5SHELL,8,34,N,Y,17,peelteeth 5SHELL
1291,2710.93,EXAMPLE,eat,4KERNEL,8,34,N,Y,17,eat 4KERNEL
1292,2711.179,EXAMPLE,drop,5SHELL,8,34,N,Y,17,drop 5SHELL
1293,2713.429,EXAMPLE,grasp,1NUT,8,34,N,Y,17,grasp 1NUT
1294,2713.68,EXAMPLE,place,1NUT,8,34,N,Y,17,place 1NUT
1295,2714.178,EXAMPLE,strikeonehand,2HAMMER,8,34,N,Y,17,strikeonehand 2HAMMER
1296,2714.926,EXAMPLE,strikeonehand,2HAMMER,8,34,N,Y,17,strikeonehand 2HAMMER
1297,2721.929,EXAMPLE,grasp,1NUT,8,34,N,Y,17,grasp 1NUT
1298,2723.179,EXAMPLE,place,1NUT,8,34,N,Y,17,place 1NUT
1299,2723.179,EXAMPLE,strikeonehand,2HAMMER,8,34,N,Y,17,strikeonehand 2HAMMER
1300,2723.928,EXAMPLE,strikeonehand,2HAMMER,8,34,N,Y,17,strikeonehand 2HAMMER
1301,2726.682,EXAMPLE,grasp,4KERNEL,8,34,N,Y,17,grasp 4KERNEL
1302,2729.678,EXAMPLE,eat,4KERNEL,8,34,N,Y,17,eat 4KERNEL
1303,2730.179,EXAMPLE,drop,5SHELL,8,34,N,Y,17,drop 5SHELL
1304,2733.178,EXAMPLE,grasp,1NUT,8,34,N,Y,17,grasp 1NUT
1305,2733.93,EXAMPLE,place,1NUT,8,34,N,Y,17,place 1NUT
1306,2734.18,EXAMPLE,strikeonehand,2HAMMER,8,34,N,Y,17,strikeonehand 2HAMMER
1307,2735.682,EXAMPLE,strikeonehand,2HAMMER,8,34,N,Y,17,strikeonehand 2HAMMER
1308,2736.68,EXAMPLE,strikeonehand,2HAMMER,8,34,N,Y,17,strikeonehand 2HAMMER
1309,2737.679,EXAMPLE,strikeonehand,2HAMMER,8,34,N,Y,17,strikeonehand 2HAMMER
1310,2739.43,EXAMPLE,touchhand,1NUT,8,34,N,Y,17,touchhand 1NUT
1311,2739.679,EXAMPLE,strikeonehand,2HAMMER,8,34,N,Y,17,strikeonehand 2HAMMER
1312,2742.428,EXAMPLE,grasp,4KERNEL,8,34,N,Y,17,grasp 4KERNEL
1313,2746.93,EXAMPLE,eat,4KERNEL,8,34,N,Y,17,eat 4KERNEL
1314,2747.18,EXAMPLE,spit,5SHELL,8,34,N,Y,17,spit 5SHELL
1315,2748.928,EXAMPLE,drop,2HAMMER,8,34,N,Y,17,drop 2HAMMER
1316,2751.176,EXAMPLE,relocate,,8,34,N,Y,17,relocate 
1317,2796.429,EXAMPLE,relocate,,6,37,Y,Y,4,relocate 
1318,2796.68,EXAMPLE,grasp,2HAMMER,6,37,Y,Y,4,grasp 2HAMMER
1319,2797.179,EXAMPLE,relocate,,6,37,Y,Y,4,relocate 
1320,2797.959,EXAMPLE,grasp,3ANVIL,6,37,Y,Y,4,grasp 3ANVIL
1321,2798.46,EXAMPLE,place,3ANVIL,6,37,Y,Y,4,place 3ANVIL
1322,2799.959,EXAMPLE,place,1NUT,6,37,Y,Y,4,place 1NUT
1323,2800.21,EXAMPLE,strikeonehand,2HAMMER,6,37,Y,Y,4,strikeonehand 2HAMMER
1324,2801.457,EXAMPLE,supportfoot,3ANVIL,6,37,Y,Y,4,supportfoot 3ANVIL
1325,2807.71,EXAMPLE,grasp,1NUT,6,37,Y,Y,4,grasp 1NUT
1326,2808.458,EXAMPLE,place,1NUT,6,37,Y,Y,4,place 1NUT
1327,2810.46,EXAMPLE,strikeonehand,2HAMMER,6,37,Y,Y,4,strikeonehand 2HAMMER
1328,2812.459,EXAMPLE,grasp,1NUT,6,37,Y,Y,4,grasp 1NUT
1329,2812.958,EXAMPLE,place,1NUT,6,37,Y,Y,4,place 1NUT
1330,2815.455,EXAMPLE,strikeonehand,2HAMMER,6,37,Y,Y,4,strikeonehand 2HAMMER
1331,2817.709,EXAMPLE,grasp,4KERNEL,6,37,Y,Y,4,grasp 4KERNEL
1332,2821.21,EXAMPLE,eat,4KERNEL,6,37,Y,Y,4,eat 4KERNEL
1333,2822.958,EXAMPLE,place,1NUT,6,37,Y,Y,4,place 1NUT
1334,2823.458,EXAMPLE,strikeonehand,2HAMMER,6,37,Y,Y,4,strikeonehand 2HAMMER
1335,2823.958,EXAMPLE,strikeonehand,2HAMMER,6,37,Y,Y,4,strikeonehand 2HAMMER
1336,2824.206,EXAMPLE,touchhand,1NUT,6,37,Y,Y,4,touchhand 1NUT
1337,2826.209,EXAMPLE,strikeonehand,2HAMMER,6,37,Y,Y,4,strikeonehand 2HAMMER
1338,2827.459,EXAMPLE,strikeonehand,2HAMMER,6,37,Y,Y,4,strikeonehand 2HAMMER
1339,2836.46,EXAMPLE,grasp,1NUT,6,37,Y,Y,4,grasp 1NUT
1340,2837.206,EXAMPLE,place,1NUT,6,37,Y,Y,4,place 1NUT
1341,2837.456,EXAMPLE,strikeonehand,2HAMMER,6,37,Y,Y,4,strikeonehand 2HAMMER
1342,2838.457,EXAMPLE,strikeonehand,2HAMMER,6,37,Y,Y,4,strikeonehand 2HAMMER
1343,2841.209,EXAMPLE,touchhand,1NUT,6,37,Y,Y,4,touchhand 1NUT
1344,2841.46,EXAMPLE,strikeonehand,2HAMMER,6,37,Y,Y,4,strikeonehand 2HAMMER
1345,2842.96,EXAMPLE,grasp,4KERNEL,6,37,Y,Y,4,grasp 4KERNEL
1346,2844.46,EXAMPLE,peelteeth,5SHELL,6,37,Y,Y,4,peelteeth 5SHELL
1347,2845.955,EXAMPLE,eat,4KERNEL,6,37,Y,Y,4,eat 4KERNEL
1348,2847.458,EXAMPLE,grasp,1NUT,6,37,Y,Y,4,grasp 1NUT
1349,2847.71,EXAMPLE,place,1NUT,6,37,Y,Y,4,place 1NUT
1350,2848.71,EXAMPLE,strikeonehand,2HAMMER,6,37,Y,Y,4,strikeonehand 2HAMMER
1351,2849.208,EXAMPLE,strikeonehand,2HAMMER,6,37,Y,Y,4,strikeonehand 2HAMMER
1352,2852.709,EXAMPLE,grasp,4KERNEL,6,37,Y,Y,4,grasp 4KERNEL
1353,2853.205,EXAMPLE,eat,4KERNEL,6,37,Y,Y,4,eat 4KERNEL
1354,2855.96,EXAMPLE,grasp,1NUT,6,37,Y,Y,4,grasp 1NUT
1355,2856.457,EXAMPLE,place,1NUT,6,37,Y,Y,4,place 1NUT
1356,2859.206,EXAMPLE,strikeonehand,2HAMMER,6,37,Y,Y,4,strikeonehand 2HAMMER
1357,2866.457,EXAMPLE,grasp,1NUT,6,37,Y,Y,4,grasp 1NUT
1358,2866.71,EXAMPLE,place,1NUT,6,37,Y,Y,4,place 1NUT
1359,2867.209,EXAMPLE,strikeonehand,2HAMMER,6,37,Y,Y,4,strikeonehand 2HAMMER
1360,2873.96,EXAMPLE,strikeonehand,2HAMMER,6,37,Y,Y,4,strikeonehand 2HAMMER
1361,2875.959,EXAMPLE,grasp,4KERNEL,6,37,Y,Y,4,grasp 4KERNEL
1362,2876.207,EXAMPLE,eat,4KERNEL,6,37,Y,Y,4,eat 4KERNEL
1363,2882.958,EXAMPLE,grasp,1NUT,6,37,Y,Y,4,grasp 1NUT
1364,2883.96,EXAMPLE,place,1NUT,6,37,Y,Y,4,place 1NUT
1365,2884.96,EXAMPLE,strikeonehand,2HAMMER,6,37,Y,Y,4,strikeonehand 2HAMMER
1366,2887.96,EXAMPLE,grasp,4KERNEL,6,37,Y,Y,4,grasp 4KERNEL
1367,2888.455,EXAMPLE,eat,4KERNEL,6,37,Y,Y,4,eat 4KERNEL
1368,2890.956,EXAMPLE,relocate,,6,37,Y,Y,4,relocate 